datetime,open,high,low,close,adjusted_close,volume,mom,rsi,mfi
2023-07-31,338.51,342.26,336.69,342.1,342.1,398100,-6.88,56.60,75.68
2023-07-28,337.97,341.62,335.78,338.23,338.23,424200,-9.60,53.27,75.42
2023-07-27,343.1,345.09,332.97,334.33,334.33,379400,-9.92,49.65,76.00
2023-07-26,341.74,342.3,336.85,338.48,338.48,354100,-8.79,53.77,81.49
2023-07-25,338.98,344.78,338.98,344.17,344.17,280300,7.32,60.11,82.04
2023-07-24,343.19,344.76,336.93,339.84,339.84,421800,6.12,56.48,75.76
2023-07-21,343.13,345.31,340.97,341.76,341.76,1426200,9.55,58.68,78.17
2023-07-20,345.76,347.89,339.6,340.5,340.5,372400,20.33,57.68,74.52
2023-07-19,350.97,351.23,345.57,348.81,348.81,327700,27.42,67.75,81.43
2023-07-18,346.07,350.23,344.02,348.98,348.98,455700,25.06,67.98,81.55
2023-07-17,342.14,348.71,342.14,347.83,347.83,347200,20.88,67.29,81.09
2023-07-14,346.52,348.38,343.41,344.25,344.25,322100,13.98,65.14,74.21
2023-07-13,340.51,347.54,340.02,347.27,347.27,361200,21.22,68.68,60.79
2023-07-12,338.8,339.19,334.42,336.85,336.85,366100,12.54,62.08,54.86
2023-07-11,332.52,334.58,330.26,333.72,333.72,341300,10.40,59.71,48.92
2023-07-10,320.91,332.97,320.91,332.21,332.21,589800,16.01,58.55,42.67
2023-07-07,320.78,324.23,319.41,320.17,320.17,245300,0.63,47.31,45.65
2023-07-06,319.55,321.95,317.25,321.39,321.39,331000,-4.29,48.54,47.10
2023-07-05,323.86,325.94,320.11,323.92,323.92,443000,-1.13,51.12,52.70
2023-07-03,327.84,328.8,320.98,326.95,326.95,238200,-4.36,54.33,59.91
2023-06-30,328.63,334.64,328.63,330.27,330.27,575700,-4.10,58.03,64.85
2023-06-29,324.59,326.38,322.3,326.05,326.05,319000,-10.76,54.36,65.24
2023-06-28,324.05,326.46,321.08,324.31,324.31,389600,-10.00,52.78,59.39
2023-06-27,317.14,324.91,317.14,323.32,323.32,357100,-9.91,51.90,51.51
2023-06-26,318.34,321.15,315.65,316.2,316.2,372600,-13.77,45.05,51.01
2023-06-23,321.79,322.9,318.95,319.54,319.54,964900,-5.99,48.03,56.68
2023-06-22,323.6,326.9,321.03,325.68,325.68,324700,9.63,54.14,67.38
2023-06-21,330.22,330.91,324.77,325.05,325.05,313700,12.20,53.57,65.97
2023-06-20,329.86,336.04,328.62,331.31,331.31,371700,5.72,60.41,59.28
2023-06-16,339.55,339.55,332.64,334.37,334.37,887100,8.35,64.13,67.10
2023-06-15,331.67,338.65,330.7,336.81,336.81,397700,11.81,67.19,66.32
2023-06-14,331.07,336.58,330.1,334.31,334.31,374700,11.07,65.63,66.53
2023-06-13,332.98,336.64,330.51,333.23,333.23,475400,9.64,64.96,61.52
2023-06-12,326.21,330.09,324.85,329.97,329.97,458200,0.81,62.94,56.72
2023-06-09,318.74,326.89,318.5,325.53,325.53,663900,6.13,60.02,51.75
2023-06-08,312.35,317.07,310.72,316.05,316.05,459100,9.74,52.64,49.37
2023-06-07,324.57,325.99,308.17,312.85,312.85,701300,14.10,49.73,54.73
2023-06-06,326.76,329.25,324.89,325.59,325.59,279200,26.79,64.35,62.57
2023-06-05,321.89,327.59,321.89,326.02,326.02,448600,19.67,64.95,62.28
2023-06-02,323.7,326.79,320.0,325.0,325.0,379600,19.44,64.21,61.54
2023-06-01,320.63,325.91,318.4,323.24,323.24,468100,16.34,62.97,60.85
2023-05-31,328.63,328.63,320.18,323.59,323.59,1076900,21.88,63.38,62.51
2023-05-30,324.45,331.71,324.15,329.16,329.16,991800,30.01,70.05,76.77
2023-05-26,308.16,319.98,308.12,319.4,319.4,751100,20.44,63.86,66.20
2023-05-25,301.28,309.26,299.35,306.31,306.31,487900,8.82,51.34,54.57
2023-05-24,296.29,299.84,296.03,298.75,298.75,444100,2.74,40.24,56.43
2023-05-23,305.06,306.44,298.61,298.8,298.8,327200,2.99,40.30,53.94
2023-05-22,305.88,309.08,304.08,306.35,306.35,335400,12.70,50.17,49.88
2023-05-19,307.75,308.8,305.39,305.56,305.56,319500,11.23,48.95,47.37
2023-05-18,303.02,308.24,302.24,306.9,306.9,346300,5.22,50.91,41.67
2023-05-17,300.46,302.62,298.77,301.71,301.71,391700,-1.25,42.67,43.09
2023-05-16,298.29,300.45,297.1,299.15,299.15,248300,-8.84,37.91,43.63
2023-05-15,296.41,299.8,294.21,298.96,298.96,346700,-9.86,37.55,38.87
2023-05-12,296.06,297.59,294.3,297.49,297.49,286200,-16.68,34.85,33.76
2023-05-11,295.73,296.23,292.47,296.01,296.01,320300,-17.91,32.10,30.03
2023-05-10,296.3,298.56,292.0,295.81,295.81,403100,-19.19,31.74,30.07
2023-05-09,294.26,297.85,292.39,293.65,293.65,434000,-17.59,27.90,30.01
2023-05-08,300.25,300.9,291.05,294.33,294.33,518000,-18.37,28.37,35.59
2023-05-05,303.14,304.92,297.02,301.68,301.68,714600,-21.29,34.09,40.76
2023-05-04,288.37,309.77,282.0,302.96,302.96,695900,-20.61,35.24,36.74
2023-05-03,309.28,312.34,307.27,307.99,307.99,766200,-15.46,40.19,39.41
2023-05-02,314.17,314.45,307.42,308.82,308.82,646800,-15.56,41.07,49.89
2023-05-01,312.22,315.22,310.57,314.17,314.17,407900,-7.21,47.29,52.36
2023-04-28,313.49,316.23,311.9,313.92,313.92,493700,-6.26,46.94,60.12
2023-04-27,312.96,315.61,309.37,315.0,315.0,437500,-2.47,48.22,50.78
2023-04-26,312.7,315.09,310.02,311.24,311.24,424300,-8.61,43.22,41.70
2023-04-25,320.23,320.24,312.47,312.7,312.7,364700,-3.79,44.77,41.57
2023-04-24,323.3,325.65,320.37,322.97,322.97,198400,1.56,58.58,50.03
2023-04-21,323.47,325.63,322.19,323.57,323.57,283000,1.73,59.58,47.36
2023-04-20,322.77,326.81,321.27,323.45,323.45,362700,1.37,59.45,57.00
2023-04-19,318.74,324.72,317.69,324.38,324.38,339700,1.08,60.84,57.72
2023-04-18,323.61,325.05,320.03,321.38,321.38,232400,-7.38,57.90,57.86
2023-04-17,318.21,320.51,316.89,320.18,320.18,279400,-9.22,56.69,60.24
2023-04-14,317.12,319.28,314.07,317.47,317.47,257500,-15.33,53.91,62.42
2023-04-13,317.58,320.94,317.58,319.85,319.85,395500,-6.19,56.88,66.96
2023-04-12,323.73,324.15,315.74,316.49,316.49,388800,-3.58,53.52,66.37
2023-04-11,320.58,322.67,319.87,321.41,321.41,336900,3.70,59.87,65.98
2023-04-10,318.64,321.92,317.89,321.84,321.84,407000,4.90,60.45,66.85
2023-04-06,320.82,322.64,319.06,322.08,322.08,421800,6.38,60.76,65.22
2023-04-05,327.27,328.54,322.42,323.3,323.3,422000,8.65,62.24,73.94
2023-04-04,330.72,332.83,327.21,328.76,328.76,423200,19.63,69.29,80.36
2023-04-03,329.99,330.92,327.08,329.4,329.4,456300,14.98,70.15,70.50
2023-03-31,327.55,333.89,326.95,332.8,332.8,726600,19.20,74.76,77.01
2023-03-30,324.04,327.55,323.13,326.04,326.04,453900,14.95,71.28,77.00
2023-03-29,320.0,321.21,317.57,320.07,320.07,360500,5.99,67.62,71.28
2023-03-28,315.79,318.12,314.43,317.71,317.71,576400,8.75,66.03,65.57
2023-03-27,315.81,317.7,313.44,316.94,316.94,632800,8.64,65.52,59.21
2023-03-24,315.2,316.4,311.68,315.7,315.7,357000,12.95,64.72,50.28
2023-03-23,312.81,316.46,310.25,314.65,314.65,287500,18.62,64.07,44.82
2023-03-22,314.42,318.51,309.09,309.13,309.13,435100,8.91,60.51,46.89
2023-03-21,315.96,316.57,309.36,314.42,314.42,514000,11.79,66.36,52.25
2023-03-20,312.24,313.97,308.98,313.6,313.6,583500,12.29,65.89,46.54
2023-03-17,314.08,316.48,310.49,311.09,311.09,1048700,2.39,64.46,54.77
2023-03-16,307.93,315.45,307.32,314.08,314.08,634300,3.71,67.59,52.86
2023-03-15,305.0,309.65,301.84,308.96,308.96,895800,1.46,64.88,44.61
2023-03-14,304.73,309.88,302.76,308.3,308.3,684500,9.10,64.53,55.40
2023-03-13,293.1,305.12,290.93,302.75,302.75,798100,-0.86,61.49,54.42
2023-03-10,300.02,301.49,292.97,296.03,296.03,495500,0.35,57.38,48.14
2023-03-09,304.97,306.45,299.83,300.22,300.22,542400,8.88,61.16,48.99
2023-03-08,301.26,304.53,299.97,302.63,302.63,516300,7.88,63.38,49.82
2023-03-07,308.74,309.25,300.51,301.31,301.31,870000,34.53,62.69,54.48
2023-03-06,310.86,312.16,308.17,308.7,308.7,599900,42.89,69.51,61.98
2023-03-03,308.83,312.66,307.54,310.37,310.37,635100,39.61,71.13,68.09
2023-03-02,298.11,309.2,297.99,307.5,307.5,557500,34.26,70.02,63.50
2023-03-01,302.45,303.87,298.61,299.2,299.2,557500,21.30,66.54,57.00
2023-02-28,294.7,307.26,294.7,303.61,303.61,1008200,29.33,70.58,58.97
2023-02-27,294.65,297.49,292.28,295.68,295.68,697200,22.92,67.26,54.66
2023-02-24,289.78,293.81,288.22,291.34,291.34,987600,24.30,65.27,47.93
2023-02-23,291.5,299.95,289.61,294.75,294.75,1282600,23.33,68.30,52.97
2023-02-22,267.31,269.8,265.87,266.78,266.78,537600,-5.58,50.95,46.17
2023-02-21,266.88,268.44,263.78,265.81,265.81,506900,-11.28,50.07,45.79
2023-02-17,270.76,271.25,267.58,270.76,270.76,358800,-1.67,54.72,53.90
2023-02-16,271.52,276.11,269.59,273.24,273.24,425400,-1.99,57.19,54.26
2023-02-15,271.98,278.17,270.02,277.9,277.9,365400,-4.60,62.08,61.91
2023-02-14,271.66,276.37,269.24,274.28,274.28,409800,-0.11,59.59,63.09
2023-02-13,268.72,273.01,267.6,272.76,272.76,375600,6.40,58.53,56.85
2023-02-10,267.63,269.08,264.93,267.04,267.04,256900,5.48,54.33,51.49
2023-02-09,276.18,278.99,269.4,271.42,271.42,527900,4.75,58.54,57.17
2023-02-08,276.54,277.72,271.13,272.36,272.36,324300,5.78,59.46,65.88
2023-02-07,270.85,278.45,269.36,277.09,277.09,318700,17.06,64.17,66.13
2023-02-06,271.46,274.82,270.22,272.43,272.43,245900,14.83,61.37,58.30
2023-02-03,276.11,279.82,273.22,275.23,275.23,376400,14.44,64.17,64.16
2023-02-02,278.5,284.79,277.04,282.5,282.5,560600,26.08,72.09,70.57
2023-02-01,265.46,276.46,263.84,274.39,274.39,490300,25.99,68.00,69.26
2023-01-31,261.8,266.87,260.85,266.36,266.36,410400,14.70,63.01,68.48
2023-01-30,262.19,265.73,261.01,261.56,261.56,331800,8.88,59.51,67.73
2023-01-27,263.87,268.36,261.98,266.67,266.67,406700,12.57,65.65,74.48
2023-01-26,263.38,267.69,261.57,266.58,266.58,556400,14.61,65.60,74.07
2023-01-25,252.87,260.38,249.79,260.03,260.03,317100,7.87,61.16,63.95
2023-01-24,260.5,261.99,256.41,257.6,257.6,227200,9.20,59.35,70.83
2023-01-23,256.44,262.46,255.18,260.79,260.79,385400,12.80,62.92,76.11
2023-01-20,248.09,257.37,248.0,256.42,256.42,384100,17.01,59.85,70.26
2023-01-19,249.37,252.67,248.22,248.4,248.4,334100,16.75,53.26,69.87
2023-01-18,255.64,258.86,251.16,251.66,251.66,505000,8.72,56.78,69.86
2023-01-17,254.06,257.45,252.33,252.68,252.68,469000,14.04,57.89,73.89
2023-01-13,249.0,254.25,248.55,254.1,254.1,319400,12.51,59.39,72.43
2023-01-12,252.41,253.34,248.8,251.97,251.97,376000,8.41,57.87,65.37
2023-01-11,249.9,252.75,247.17,252.16,252.16,390100,17.77,58.05,65.78
2023-01-10,247.61,249.99,244.81,248.4,248.4,307700,11.54,55.50,57.92
2023-01-09,241.97,253.55,241.4,247.99,247.99,425600,10.44,55.23,49.51
2023-01-06,234.78,241.13,230.0,239.41,239.41,364000,2.20,49.11,36.17
2023-01-05,239.32,240.41,230.94,231.65,231.65,561000,-10.24,42.51,29.52
2023-01-04,242.39,246.68,239.47,242.94,242.94,487900,6.26,51.53,38.78
2023-01-03,245.27,248.13,235.7,238.64,238.64,485100,3.24,47.60,41.61
2022-12-30,239.71,241.8,238.28,241.59,241.59,320700,-1.20,50.20,42.18
2022-12-29,236.34,244.28,235.56,243.56,243.56,329200,-4.47,51.95,41.27
2022-12-28,236.93,239.74,233.12,234.39,234.39,355400,-21.71,43.38,41.90
2022-12-27,237.6,238.02,233.35,236.86,236.86,220300,-17.68,45.41,41.64
2022-12-23,235.36,238.09,233.22,237.55,237.55,208900,-7.31,45.97,40.82
2022-12-22,237.37,237.82,231.34,237.21,237.21,392000,-5.00,45.66,36.58
2022-12-21,237.69,243.06,235.41,241.89,241.89,456400,-2.99,49.21,36.56
2022-12-20,233.1,238.42,232.47,236.68,236.68,432500,-6.24,44.77,37.94
2022-12-19,241.38,241.38,234.23,235.4,235.4,590100,-8.50,43.65,45.76
2022-12-16,246.3,246.86,238.59,242.79,242.79,1274900,-6.50,48.99,46.30
2022-12-15,250.77,253.54,245.75,248.03,248.03,573200,-8.71,53.28,51.92
2022-12-14,255.84,263.19,252.75,256.1,256.1,619000,-3.51,60.92,57.78
2022-12-13,256.79,262.23,251.75,254.54,254.54,771300,0.24,59.88,55.30
2022-12-12,242.19,246.1,241.85,244.86,244.86,548000,4.23,52.69,51.40
2022-12-09,241.88,244.29,240.8,242.21,242.21,476100,0.46,50.43,44.28
2022-12-08,244.88,248.55,243.14,244.88,244.88,401300,-1.56,52.79,44.53
2022-12-07,242.33,244.36,240.22,242.92,242.92,391700,-4.04,51.23,37.85
2022-12-06,248.92,248.92,241.71,243.9,243.9,359500,-0.13,52.03,36.73
2022-12-05,253.47,253.9,246.84,249.29,249.29,507500,8.01,56.51,45.83
2022-12-02,254.53,256.8,252.01,256.74,256.74,365700,12.98,63.54,43.46
2022-12-01,254.36,260.07,252.06,259.61,259.61,591200,15.69,66.50,52.61
2022-11-30,240.8,254.57,240.8,254.3,254.3,782800,1.38,63.58,54.63
2022-11-29,241.33,241.33,237.94,240.63,240.63,483100,-13.58,54.03,43.97
2022-11-28,246.04,247.06,241.17,241.75,241.75,371800,-10.10,55.13,52.84
2022-11-25,244.79,247.48,244.79,246.44,246.44,224000,-9.27,59.87,60.40
2022-11-23,243.09,247.97,241.67,246.96,246.96,260800,-2.23,60.41,63.87
2022-11-22,242.41,244.18,238.34,244.03,244.03,278900,18.43,58.47,56.79
2022-11-21,243.02,244.03,240.32,241.28,241.28,294900,12.68,56.61,50.93
2022-11-18,248.32,248.68,241.86,243.76,243.76,439400,22.37,58.81,49.59
2022-11-17,247.71,248.24,242.58,243.92,243.92,363100,30.01,58.95,54.77
2022-11-16,253.26,257.48,252.35,252.92,252.92,544200,40.86,67.12,58.95
2022-11-15,257.74,259.39,251.61,254.21,254.21,667000,44.76,68.38,58.97
2022-11-14,252.73,255.33,249.51,251.85,251.85,836200,32.61,67.34,58.54
2022-11-11,249.08,256.91,248.0,255.71,255.71,827100,34.55,70.89,65.01
2022-11-10,239.56,249.75,239.39,249.19,249.19,931300,28.30,68.27,63.53
2022-11-09,225.43,226.66,222.09,225.6,225.6,847100,9.12,54.47,56.71
2022-11-08,222.25,231.99,221.96,228.6,228.6,924200,10.44,57.42,58.56
2022-11-07,215.64,222.63,215.43,221.39,221.39,1025300,1.89,51.57,51.70
2022-11-04,216.38,216.41,207.85,213.91,213.91,1180600,-2.16,44.19,50.49
2022-11-03,211.63,213.55,206.36,212.06,212.06,1091000,-2.09,42.17,48.08
2022-11-02,220.13,221.84,209.42,209.45,209.45,989900,-1.06,39.28,57.43
2022-11-01,223.91,224.23,216.63,219.24,219.24,635900,5.05,47.54,58.54
2022-10-31,219.03,222.1,217.9,221.16,221.16,768600,4.21,49.44,58.84
2022-10-28,216.93,221.11,216.04,220.89,220.89,657700,9.09,49.17,50.45
2022-10-27,220.58,222.26,215.02,216.48,216.48,629500,13.27,44.79,42.06
2022-10-26,217.96,223.56,215.66,218.16,218.16,645000,12.49,46.20,42.04
2022-10-25,218.04,219.86,216.1,219.5,219.5,493000,17.55,47.30,41.51
2022-10-24,218.08,219.08,212.16,216.07,216.07,482900,15.74,44.14,42.91
2022-10-21,210.87,214.69,208.21,214.15,214.15,586700,5.04,42.34,54.80
2022-10-20,214.59,218.0,209.45,210.51,210.51,541700,-7.79,38.87,60.84
2022-10-19,213.57,217.15,213.11,214.19,214.19,513000,-18.04,41.20,59.98
2022-10-18,217.69,221.15,213.69,216.95,216.95,788200,-16.89,42.99,60.41
2022-10-17,209.31,215.71,209.31,211.8,211.8,712500,-21.41,38.34,59.30
2022-10-14,209.87,211.5,202.44,203.21,203.21,689700,-24.76,29.44,54.59
2022-10-13,195.84,207.68,194.23,205.67,205.67,860400,-16.03,30.62,53.69
2022-10-12,202.57,206.43,199.91,201.95,201.95,641200,-25.58,26.50,55.33
2022-10-11,207.97,209.04,199.33,200.33,200.33,755000,-31.86,24.69,56.53
2022-10-10,218.59,219.14,208.35,209.11,209.11,855300,-18.46,28.18,58.17
2022-10-07,227.15,227.44,216.74,218.3,218.3,626800,-11.42,32.66,60.46
2022-10-06,233.06,237.27,231.3,232.23,232.23,530500,2.69,42.10,65.91
2022-10-05,229.04,235.49,227.77,233.84,233.84,666600,1.80,43.45,58.45
2022-10-04,233.59,235.95,227.5,233.21,233.21,2684200,-2.21,42.78,51.55
2022-10-03,224.0,229.23,222.87,227.97,227.97,844600,-11.38,37.07,29.25
2022-09-30,228.07,230.17,221.44,221.7,221.7,677800,-19.73,29.20,17.47
2022-09-29,228.63,229.42,225.13,227.53,227.53,401800,-13.21,32.73,24.65
2022-09-28,229.62,233.64,227.46,232.19,232.19,435100,-9.26,35.96,30.18
2022-09-27,232.14,232.95,225.55,227.57,227.57,396800,-19.43,29.57,30.07
2022-09-26,230.0,234.48,229.48,229.72,229.72,408400,-19.04,30.90,36.27
2022-09-23,231.66,232.81,225.99,229.54,229.54,449400,-31.88,30.66,29.38
2022-09-22,233.36,234.42,230.16,232.04,232.04,346600,-26.76,32.11,37.74
2022-09-21,242.0,244.86,235.38,235.42,235.42,372000,-19.46,34.15,35.78
2022-09-20,239.71,242.38,238.0,239.35,239.35,407000,-10.42,36.66,35.82
2022-09-19,238.21,241.83,236.93,241.43,241.43,304300,0.17,38.04,35.99
2022-09-16,240.76,241.71,236.66,240.74,240.74,732600,-3.89,37.31,31.36
2022-09-15,245.72,250.11,240.06,241.45,241.45,565300,-5.04,37.73,33.03
2022-09-14,249.63,251.16,244.56,247.0,247.0,379100,-1.30,41.10,40.84
2022-09-13,250.96,252.1,247.57,248.76,248.76,619600,-1.03,42.21,46.53
2022-09-12,260.99,262.75,258.32,261.42,261.42,369700,10.26,51.50,49.00
2022-09-09,256.53,259.57,255.52,258.8,258.8,300700,4.49,49.36,41.76
2022-09-08,247.96,254.92,246.35,254.88,254.88,389400,-12.33,46.05,36.07
2022-09-07,242.32,250.89,241.71,249.77,249.77,366900,-10.69,41.42,29.49
2022-09-06,243.92,246.58,240.14,241.26,241.26,478900,-18.10,32.45,23.09
2022-09-02,248.53,251.56,243.54,244.63,244.63,554600,-18.13,34.38,22.85
2022-09-01,245.24,246.79,239.37,246.49,246.49,670200,-25.13,35.47,21.58
2022-08-31,253.41,254.97,247.17,248.3,248.3,346800,-31.58,36.51,21.88
2022-08-30,253.29,254.41,246.46,249.79,249.79,360200,-30.20,37.35,21.11
2022-08-29,251.95,253.95,250.7,251.16,251.16,297600,-32.56,38.09,30.93
2022-08-26,267.5,268.42,254.29,254.31,254.31,367700,-32.05,39.79,29.79
2022-08-25,262.68,267.42,261.89,267.21,267.21,394200,-17.36,47.90,28.93
2022-08-24,261.37,262.05,258.66,260.46,260.46,290800,-19.68,42.17,21.80
2022-08-23,261.53,262.95,257.96,259.36,259.36,311300,-27.84,41.19,29.30
2022-08-22,268.05,268.38,262.02,262.76,262.76,401000,-16.47,43.30,38.15
2022-08-19,275.95,275.99,270.87,271.62,271.62,304900,-11.03,49.40,37.77
2022-08-18,280.0,281.35,277.7,279.88,279.88,280000,-5.60,56.27,43.02
2022-08-17,282.22,282.37,278.75,279.99,279.99,288300,-12.64,56.36,48.31
2022-08-16,283.77,284.85,279.96,283.72,283.72,461100,1.58,59.59,53.38
2022-08-15,284.39,286.87,283.08,286.36,286.36,400200,10.26,61.93,59.52
2022-08-12,283.49,285.07,280.38,284.57,284.57,511700,5.36,60.96,54.85
2022-08-11,290.51,290.51,279.73,280.14,280.14,478800,1.15,58.56,56.65
2022-08-10,287.41,289.76,285.85,287.2,287.2,549300,10.80,64.44,63.40
2022-08-09,281.17,281.29,277.99,279.23,279.23,468700,14.11,60.25,61.87
2022-08-08,285.99,287.53,278.86,282.65,282.65,496200,28.90,63.22,69.62
2022-08-05,286.68,292.41,283.27,285.48,285.48,473900,27.56,65.70,77.07
2022-08-04,288.93,293.58,282.25,292.63,292.63,846500,32.46,72.36,78.75
2022-08-03,276.18,283.35,276.18,282.14,282.14,722100,21.97,67.93,77.03
2022-08-02,274.99,277.78,273.46,276.1,276.1,452800,19.02,64.92,71.30
2022-08-01,275.42,281.21,274.42,279.21,279.21,404400,31.35,67.97,74.06
2022-07-29,275.93,280.77,275.05,278.99,278.99,448400,42.06,67.87,66.82
2022-07-28,264.44,277.25,263.36,276.4,276.4,451500,35.61,66.75,60.07
2022-07-27,258.07,267.66,258.07,265.12,265.12,437500,30.72,61.26,53.63
2022-07-26,257.93,258.76,252.4,253.75,253.75,302200,19.28,54.19,52.48
2022-07-25,258.33,259.37,255.2,257.92,257.92,319700,19.32,57.79,60.68
2022-07-22,260.57,265.07,258.0,260.17,260.17,448400,15.83,59.77,67.08
2022-07-21,256.99,260.89,255.95,260.17,260.17,317300,10.52,59.77,66.63
2022-07-20,249.81,259.22,248.69,257.08,257.08,637300,4.74,58.07,59.70
2022-07-19,241.39,248.06,240.21,247.86,247.86,521600,0.44,52.48,50.76
2022-07-18,243.38,243.97,235.74,236.93,236.93,405800,-8.26,44.33,41.01
2022-07-15,238.8,241.7,237.04,240.79,240.79,459600,0.60,46.97,40.38
2022-07-14,232.68,235.32,227.73,234.4,234.4,222800,-4.89,41.62,44.27
2022-07-13,233.53,237.0,232.19,234.47,234.47,292200,-6.99,41.66,52.72
2022-07-12,245.63,248.01,237.0,238.6,238.6,420700,-1.54,44.15,47.54
2022-07-11,246.26,248.19,242.53,244.34,244.34,323300,-6.46,47.83,56.23
2022-07-08,248.99,251.46,246.46,249.65,249.65,245100,-7.30,51.53,63.19
2022-07-07,246.67,253.01,246.35,252.34,252.34,331000,5.80,53.47,61.01
2022-07-06,248.1,250.08,244.26,247.42,247.42,616900,11.84,50.29,61.87
2022-07-05,236.53,245.79,236.13,245.19,245.19,411900,9.86,48.81,55.35
2022-07-01,239.0,242.56,235.71,240.19,240.19,409900,7.59,45.45,49.40
2022-06-30,238.09,243.25,235.38,239.29,239.29,435100,11.59,44.84,44.61
2022-06-29,240.97,242.42,237.11,241.46,241.46,367900,2.71,45.98,45.27
2022-06-28,250.75,251.75,239.94,240.14,240.14,535300,10.38,45.19,45.50
2022-06-27,255.45,256.39,249.93,250.8,250.8,466000,20.23,50.76,45.07
2022-06-24,249.07,257.88,247.06,256.95,256.95,804800,15.08,54.35,51.19
2022-06-23,239.99,247.0,236.24,246.54,246.54,820200,-4.27,48.64,43.92
2022-06-22,232.75,237.67,231.9,235.58,235.58,1027300,-23.25,41.50,40.81
2022-06-21,237.94,240.8,234.97,235.33,235.33,924100,-27.93,41.33,43.88
2022-06-17,229.01,235.3,228.62,232.6,232.6,945400,-26.32,39.52,32.73
2022-06-16,231.36,235.35,225.92,227.7,227.7,580100,-31.34,36.23,30.10
2022-06-15,234.34,242.8,233.1,238.75,238.75,546300,-28.00,40.88,36.76
2022-06-14,232.77,233.29,227.29,229.76,229.76,559400,-25.16,34.54,29.34
2022-06-13,232.8,235.95,229.33,230.57,230.57,658800,-29.79,34.85,29.66
2022-06-10,245.26,245.26,241.33,241.87,241.87,454800,-22.75,39.48,36.75
2022-06-09,256.0,259.25,250.77,250.81,250.81,286500,-2.14,43.75,43.79
2022-06-08,262.6,263.23,258.59,258.83,258.83,298000,11.47,48.09,51.10
2022-06-07,256.01,264.11,256.01,263.26,263.26,577900,15.04,50.66,49.64
2022-06-06,264.56,267.11,257.62,258.92,258.92,563700,4.49,48.13,58.94
2022-06-03,260.42,261.33,256.46,259.04,259.04,389700,6.89,48.20,51.27
2022-06-02,254.68,266.95,254.09,266.75,266.75,342100,18.75,52.30,58.33
2022-06-01,262.89,265.01,253.38,254.92,254.92,401400,12.65,45.72,50.00
2022-05-31,263.7,263.7,256.19,260.36,260.36,672800,7.42,48.58,47.45
2022-05-27,257.39,265.31,257.03,264.62,264.62,579100,16.77,50.90,47.06
2022-05-26,248.2,255.0,247.71,252.95,252.95,414100,-1.62,44.11,39.21
2022-05-25,245.95,251.12,245.93,247.36,247.36,465300,6.82,40.45,33.04
2022-05-24,249.77,252.14,245.7,248.22,248.22,444600,9.47,40.83,31.06
2022-05-23,253.16,255.19,248.71,254.43,254.43,385800,3.79,43.60,38.90
2022-05-20,252.83,254.01,244.15,252.15,252.15,461000,2.98,42.26,39.16
2022-05-19,243.09,252.66,243.01,248.0,248.0,666100,-13.59,39.87,34.17
2022-05-18,248.83,250.74,240.85,242.27,242.27,521600,-30.40,36.48,27.57
2022-05-17,254.43,255.44,246.85,252.94,252.94,718900,-35.77,40.41,34.19
2022-05-16,251.98,252.95,246.29,247.85,247.85,509900,-32.06,37.43,27.19
2022-05-13,246.49,254.74,244.37,254.57,254.57,627900,-25.36,39.88,26.46
2022-05-12,234.39,241.42,230.72,240.54,240.54,899800,-35.15,31.13,25.20
2022-05-11,246.79,254.08,237.66,238.75,238.75,853900,-48.56,29.93,26.41
2022-05-10,255.81,257.52,240.8,250.64,250.64,769200,-18.79,33.55,27.61
2022-05-09,257.84,258.32,248.01,249.17,249.17,709600,-21.44,32.62,33.70
2022-05-06,266.91,270.16,259.5,261.59,261.59,681300,-20.57,36.68,41.06
2022-05-05,290.0,292.99,268.58,272.67,272.67,910100,-3.85,40.90,42.81
2022-05-04,279.81,288.87,271.39,288.71,288.71,796600,4.52,48.38,45.21
2022-05-03,279.93,283.89,277.09,279.91,279.91,384200,-11.34,43.07,35.54
2022-05-02,275.1,282.65,272.31,279.93,279.93,476800,-11.53,43.08,29.30
2022-04-29,283.15,288.44,275.21,275.69,275.69,545500,-5.97,40.54,29.85
2022-04-28,272.78,289.46,272.78,287.31,287.31,632300,4.98,45.73,30.53
2022-04-27,271.11,276.96,268.37,269.43,269.43,575100,-26.37,33.59,21.27
2022-04-26,279.47,280.66,270.46,270.61,270.61,712200,-20.55,34.05,21.20
2022-04-25,275.83,282.49,274.12,282.16,282.16,411200,-12.54,38.98,21.72
2022-04-22,283.41,285.26,275.94,276.52,276.52,354800,-26.53,34.70,24.32
2022-04-21,294.78,297.63,282.77,284.19,284.19,364300,-26.92,38.07,24.11
2022-04-20,292.85,295.8,290.81,291.25,291.25,379000,-20.30,41.53,23.72
2022-04-19,280.89,292.57,280.5,291.46,291.46,516800,-27.60,41.63,17.55
2022-04-18,280.73,283.31,277.59,281.66,281.66,325500,-41.55,34.50,16.89
2022-04-14,300.45,300.67,281.9,282.33,282.33,495100,-34.16,34.77,23.03
2022-04-13,291.08,297.83,290.19,295.8,295.8,424700,-21.85,40.71,30.98
2022-04-12,301.15,303.89,289.3,291.16,291.16,462600,-29.15,37.28,30.60
2022-04-11,299.66,301.25,294.2,294.7,294.7,329900,-32.95,38.87,30.47
2022-04-08,309.0,309.0,302.82,303.05,303.05,365400,-15.35,42.89,36.95
2022-04-07,310.64,314.09,306.0,311.11,311.11,409300,2.14,47.26,35.31
2022-04-06,313.57,316.4,309.16,311.55,311.55,519600,0.59,47.50,47.52
2022-04-05,322.43,324.54,317.72,319.06,319.06,475700,12.63,51.76,56.56
2022-04-04,316.95,323.95,315.42,323.21,323.21,543400,5.82,54.26,63.32
2022-04-01,317.36,318.43,312.02,316.49,316.49,363900,5.84,50.68,63.37
2022-03-31,321.19,323.02,317.42,317.65,317.65,422000,-0.95,51.32,61.03
2022-03-30,325.58,326.75,318.86,320.31,320.31,379800,10.68,52.75,59.30
2022-03-29,323.23,328.94,323.12,327.65,327.65,411500,16.73,56.79,58.95
2022-03-28,310.25,318.4,310.25,318.4,318.4,374600,20.31,52.54,58.81
2022-03-25,311.76,312.18,305.22,308.97,308.97,484300,19.03,47.65,52.86
2022-03-24,307.79,311.27,302.79,310.96,310.96,481300,17.34,48.63,53.42
2022-03-23,315.52,315.52,306.4,306.43,306.43,465700,2.87,46.30,53.54
2022-03-22,311.04,319.79,309.23,317.39,317.39,434300,5.06,51.56,53.59
2022-03-21,315.71,317.74,305.12,310.65,310.65,646900,11.70,48.20,48.10
2022-03-18,310.13,319.46,307.15,318.6,318.6,1126900,12.73,52.17,47.98
2022-03-17,309.45,314.99,307.15,309.63,309.63,826100,-1.74,47.65,46.84
2022-03-16,303.71,312.18,297.48,310.92,310.92,550300,-5.32,48.26,48.91
2022-03-15,291.67,299.2,290.59,298.09,298.09,599400,-25.16,41.35,52.05
2022-03-14,297.08,301.07,287.72,289.94,289.94,700700,-28.29,36.32,43.62
2022-03-11,307.61,308.1,293.24,293.62,293.62,692000,-30.57,37.68,41.90
2022-03-10,304.5,307.95,297.97,303.56,303.56,452400,-20.82,41.56,40.88
2022-03-09,307.69,313.77,305.77,312.33,312.33,404800,-4.16,45.39,40.38
2022-03-08,303.02,309.43,295.94,298.95,298.95,595900,2.22,37.19,36.12
2022-03-07,310.62,313.56,305.74,305.87,305.87,586000,2.88,40.08,40.94
2022-03-04,315.0,316.15,258.0,311.37,311.37,482700,11.80,42.51,35.99
2022-03-03,325.82,326.5,314.14,316.24,316.24,444100,5.45,44.75,35.99
2022-03-02,319.34,325.8,314.94,323.25,323.25,469900,-0.35,48.14,35.66
2022-03-01,322.85,333.83,315.98,318.23,318.23,644400,-6.99,45.39,40.12
2022-02-28,320.0,328.67,319.81,324.19,324.19,923400,7.07,48.21,41.35
2022-02-25,311.23,325.25,311.23,324.38,324.38,1127000,5.36,48.30,38.60
2022-02-24,281.41,317.62,278.22,316.49,316.49,1132900,-16.52,44.35,28.44
2022-02-23,306.04,308.64,295.44,296.73,296.73,1076400,-44.74,32.32,17.24
2022-02-22,300.77,307.63,297.59,302.99,302.99,1087500,-27.10,34.52,18.34
2022-02-18,310.03,313.05,298.9,299.57,299.57,934000,-30.16,32.18,27.05
2022-02-17,320.48,321.13,309.09,310.79,310.79,565900,-16.00,36.10,39.02
2022-02-16,323.43,325.12,315.29,323.6,323.6,497800,-1.48,41.46,46.70
2022-02-15,322.12,325.72,319.65,325.22,325.22,442000,-12.95,42.20,45.45
2022-02-14,319.85,323.03,314.22,317.12,317.12,393300,-20.25,37.01,38.03
2022-02-11,333.01,337.18,317.06,319.02,319.02,437200,-20.99,37.75,37.59
2022-02-10,332.67,341.23,329.78,333.01,333.01,513100,10.24,43.71,35.82
2022-02-09,337.64,342.77,335.5,341.47,341.47,407500,31.85,47.96,35.97
2022-02-08,328.58,333.74,325.21,330.09,330.09,339900,12.02,40.76,29.97
2022-02-07,329.41,333.96,326.79,329.73,329.73,485000,8.12,40.52,36.08
2022-02-04,323.62,330.22,321.02,326.79,326.79,470400,-7.98,38.62,28.96
2022-02-03,330.73,333.98,323.62,325.08,325.08,435000,-0.66,37.55,28.45
2022-02-02,339.4,340.02,334.26,338.17,338.17,501400,4.85,42.89,28.72
2022-02-01,341.07,342.86,332.86,337.37,337.37,489400,0.27,42.43,34.68
2022-01-31,321.98,340.1,321.98,340.01,340.01,774900,2.47,43.51,34.33
2022-01-28,311.62,323.05,304.42,322.77,322.77,519100,-25.77,33.13,25.27
2022-01-27,322.83,322.91,307.18,309.62,309.62,704200,-42.46,23.13,18.79
2022-01-26,327.34,331.97,312.37,318.07,318.07,652000,-52.08,25.39,19.23
2022-01-25,326.1,328.79,320.3,321.61,321.61,472386,-47.73,26.40,19.54
2022-01-24,322.35,335.36,313.71,334.77,334.77,787105,-28.41,30.59,19.78
2022-01-21,331.79,337.78,325.18,325.74,325.74,489800,-36.34,22.79,20.70
2022-01-20,339.34,345.64,332.64,333.32,333.32,505300,-35.56,24.97,21.01
2022-01-19,338.45,345.14,337.01,337.1,337.1,516900,-39.84,26.14,21.89
2022-01-18,340.0,343.0,334.9,337.54,337.54,700400,-53.56,26.27,14.44
2022-01-14,350.58,354.62,343.01,348.54,348.54,572100,-46.95,29.76,19.86
2022-01-13,369.66,372.11,351.4,352.08,352.08,326800,-49.04,30.99,25.32
2022-01-12,369.74,373.75,367.05,370.15,370.15,413200,-35.53,38.55,29.99
2022-01-11,361.78,370.49,358.24,369.34,369.34,413000,-37.72,37.92,27.43
2022-01-10,355.53,364.01,350.6,363.18,363.18,495100,-46.74,33.07,29.40
2022-01-07,367.76,369.2,359.06,362.08,362.08,465000,-49.14,32.19,28.93
2022-01-06,366.85,375.05,366.53,368.88,368.88,435600,-34.71,34.82,26.28
2022-01-05,390.0,394.02,376.63,376.94,376.94,445500,-23.70,38.24,26.41
2022-01-04,394.89,397.01,384.29,391.1,391.1,314600,-5.36,45.56,34.18
2022-01-03,398.95,403.18,390.5,395.49,395.49,377200,9.56,48.21,33.81
2021-12-31,404.9,405.87,400.47,401.12,401.12,317000,4.26,51.81,41.34
2021-12-30,408.09,409.03,405.37,405.68,405.68,192700,7.54,54.89,47.28
2021-12-29,410.0,411.0,405.46,407.06,407.06,222100,1.64,55.82,46.11
2021-12-28,413.22,413.22,407.76,409.92,409.92,204200,15.77,57.71,52.16
2021-12-27,404.68,411.22,402.83,411.22,411.22,183100,6.62,58.54,54.65
2021-12-23,401.0,404.99,398.4,403.59,403.59,178000,5.14,54.99,55.92
2021-12-22,397.34,401.26,395.26,400.64,400.64,225800,6.37,53.57,50.53
2021-12-21,389.63,396.64,383.88,396.46,396.46,507500,-8.15,51.55,52.33
2021-12-20,390.84,392.5,383.82,385.93,385.93,532100,-17.67,46.05,45.06
2021-12-17,394.59,403.74,392.33,396.86,396.86,879700,2.43,51.70,43.94
2021-12-16,407.87,408.63,393.26,398.14,398.14,379500,12.76,52.40,54.95
2021-12-15,394.6,405.77,392.21,405.42,405.42,357800,10.33,56.43,61.64
2021-12-14,398.76,402.26,387.96,394.15,394.15,364700,14.01,51.02,54.86
2021-12-13,398.5,407.17,397.18,404.6,404.6,363000,13.12,57.13,54.34
2021-12-10,399.18,402.85,394.45,398.45,398.45,255600,0.73,54.12,45.89
2021-12-09,402.93,405.61,394.02,394.27,394.27,320100,11.79,52.00,46.90
2021-12-08,405.14,407.37,402.77,404.61,404.61,376400,14.56,58.19,47.34
2021-12-07,398.95,407.78,398.95,403.6,403.6,485909,11.39,57.73,46.14
2021-12-06,387.52,395.2,383.01,394.43,394.43,350994,-2.55,53.45,44.34
2021-12-03,395.71,395.71,379.23,385.38,385.38,431200,-17.14,48.69,44.39
2021-12-02,380.79,399.6,380.79,395.09,395.09,452900,-3.53,54.21,50.30
2021-12-01,396.0,397.57,379.65,380.14,380.14,376000,-19.22,45.35,43.07
2021-11-30,397.72,401.1,390.39,391.48,391.48,674700,-8.92,52.51,43.12
2021-11-29,386.07,401.06,385.15,397.72,397.72,410300,3.29,57.12,45.97
2021-11-26,389.6,399.25,380.84,382.48,382.48,371500,-9.34,46.47,38.30
2021-11-24,385.78,390.14,382.14,390.05,390.05,401600,4.64,52.48,40.66
2021-11-23,393.47,397.16,386.15,392.21,392.21,422100,-0.45,54.34,50.87
2021-11-22,402.42,408.08,394.11,396.98,396.98,604100,-8.99,58.61,58.85
2021-11-19,400.38,403.63,400.38,402.52,402.52,374300,-3.73,64.03,68.78
2021-11-18,400.34,400.34,394.32,398.62,398.62,264300,-8.07,61.71,68.23
2021-11-17,400.4,403.2,397.57,399.36,399.36,249700,-10.61,62.42,73.59
2021-11-16,395.0,401.08,393.62,400.4,400.4,304200,15.54,63.37,73.39
2021-11-15,393.41,396.29,389.35,394.43,394.43,353600,10.26,60.14,67.95
2021-11-12,390.02,394.89,388.01,391.82,391.82,249400,15.38,58.66,67.07
2021-11-11,395.2,397.19,383.95,385.41,385.41,333700,5.83,54.84,67.43
2021-11-10,404.19,405.96,388.39,392.66,392.66,360600,17.67,60.74,73.26
2021-11-09,406.91,407.88,402.04,405.97,405.97,331800,35.83,74.37,80.16
2021-11-08,407.31,408.15,401.99,406.25,406.25,339600,29.78,74.70,87.06
2021-11-05,410.62,413.89,405.25,406.69,406.69,537700,32.48,75.18,94.24
2021-11-04,385.0,411.78,378.5,409.97,409.97,658800,39.93,78.71,93.81
2021-11-03,382.8,385.19,377.75,384.86,384.86,471300,14.21,68.07,93.12
2021-11-02,375.92,384.38,374.17,384.17,384.17,412000,18.52,67.66,92.64
2021-11-01,380.71,382.98,375.37,376.44,376.44,303500,10.41,62.64,92.37
2021-10-29,377.01,382.09,372.99,379.58,379.58,321500,18.62,66.53,87.40
2021-10-28,371.89,375.56,370.17,374.99,374.99,227100,16.14,63.45,82.26
2021-10-27,375.31,377.03,369.96,370.14,370.14,286800,10.74,59.81,77.06
2021-10-26,377.16,381.22,375.92,376.47,376.47,225100,28.66,68.01,85.27
2021-10-25,370.0,377.19,368.29,374.21,374.21,318900,30.49,66.48,85.26
2021-10-22,371.81,375.0,368.93,370.04,370.04,210400,25.93,63.51,84.95
2021-10-21,365.37,370.85,361.15,370.65,370.65,278400,24.98,64.29,76.26
2021-10-20,366.55,367.94,363.55,365.65,365.65,311300,16.94,60.63,76.15
2021-10-19,362.27,366.63,359.89,366.03,366.03,276500,21.42,61.07,67.73
2021-10-18,357.15,362.0,355.99,360.96,360.96,267000,19.60,57.21,60.69
2021-10-15,359.68,361.18,356.46,358.85,358.85,250000,23.86,55.51,50.21
2021-10-14,353.18,359.57,352.05,359.4,359.4,218100,14.66,56.05,42.51
2021-10-13,346.99,350.06,345.77,347.81,347.81,304800,7.36,45.72,36.78
2021-10-12,345.36,348.11,343.04,343.72,343.72,182400,2.76,41.18,35.31
2021-10-11,345.34,349.14,342.77,344.11,344.11,168100,0.50,41.49,40.98
2021-10-08,350.17,350.83,344.62,345.67,345.67,176800,-10.19,42.67,40.52
2021-10-07,347.84,352.08,346.46,348.71,348.71,241600,-12.84,44.99,38.00
2021-10-06,337.44,344.8,335.19,344.61,344.61,245700,-16.43,40.97,29.38
2021-10-05,335.65,343.72,335.09,341.36,341.36,275400,-16.48,37.63,30.91
2021-10-04,341.61,342.22,331.37,334.99,334.99,335900,-18.43,30.44,31.50
2021-10-01,342.8,346.47,338.5,344.74,344.74,281300,-11.66,36.40,31.44
2021-09-30,341.67,344.94,340.17,340.45,340.45,291600,-24.18,30.87,24.91
2021-09-29,344.48,347.2,340.45,340.96,340.96,223600,-33.54,31.17,31.75
2021-09-28,350.88,352.52,342.8,343.61,343.61,448000,-29.14,32.70,36.67
2021-09-27,357.78,358.0,351.73,355.86,355.86,300400,-13.21,41.41,45.76
2021-09-24,358.64,361.69,355.92,361.55,361.55,180200,-4.83,46.79,52.55
2021-09-23,358.35,362.0,357.07,361.04,361.04,214500,-12.57,46.21,51.03
2021-09-22,354.15,360.54,352.59,357.84,357.84,209800,-14.13,42.55,45.82
2021-09-21,359.08,359.66,353.27,353.42,353.42,203300,-19.11,37.07,48.04
2021-09-20,360.25,363.49,352.36,356.4,356.4,404800,-15.67,39.42,45.48
2021-09-17,373.21,374.88,362.54,364.63,364.63,522000,-3.75,47.11,53.71
2021-09-16,371.97,375.0,367.32,374.5,374.5,311900,6.10,60.17,64.24
2021-09-15,369.07,373.27,366.99,372.75,372.75,287000,2.69,58.26,58.61
2021-09-14,368.93,372.41,366.5,369.07,369.07,313600,3.71,53.96,51.18
2021-09-13,375.73,376.29,365.48,366.38,366.38,276100,0.58,50.50,57.30
2021-09-10,374.54,377.26,372.47,373.61,373.61,278800,8.59,62.16,63.15
2021-09-09,372.52,375.8,371.32,371.97,371.97,194900,10.66,60.23,62.81
2021-09-08,371.08,375.82,369.88,372.53,372.53,325800,6.70,61.22,63.78
2021-09-07,369.61,372.41,364.95,372.07,372.07,249500,3.34,60.73,57.44
2021-09-03,366.08,371.57,366.08,368.38,368.38,293000,1.36,56.61,50.76
2021-09-02,371.4,372.95,366.2,368.4,368.4,214600,6.18,56.64,51.00
2021-09-01,367.46,371.89,365.78,370.06,370.06,376600,12.34,59.04,50.84
2021-08-31,366.55,368.11,362.76,365.36,365.36,439200,11.75,53.91,48.24
2021-08-30,366.61,369.0,362.87,365.8,365.8,345500,8.53,54.50,50.67
2021-08-27,363.58,369.0,362.12,365.02,365.02,375200,1.82,53.66,41.26
2021-08-26,364.22,364.95,361.23,361.31,361.31,192600,-1.28,49.55,40.40
2021-08-25,367.92,368.96,365.27,365.83,365.83,331000,2.38,55.08,47.53
2021-08-24,368.52,370.19,367.69,368.73,368.73,181100,5.65,59.01,43.76
2021-08-23,363.4,367.79,362.07,367.02,367.02,173100,5.34,57.35,46.07
2021-08-20,358.19,363.41,355.41,362.22,362.22,252700,-9.41,52.29,47.48
2021-08-19,353.19,360.9,352.84,357.72,357.72,312000,-17.02,46.81,49.53
2021-08-18,356.85,357.37,353.13,353.61,353.61,209300,-19.86,41.07,49.65
2021-08-17,360.99,360.99,354.24,357.27,357.27,279500,-15.30,45.10,54.22
2021-08-16,362.53,364.09,359.67,363.2,363.2,279100,-7.62,52.90,59.97
2021-08-13,363.3,364.93,361.03,362.59,362.59,231100,-7.04,52.11,60.73
2021-08-12,362.53,367.11,360.45,363.45,363.45,182700,-5.01,53.28,61.16
2021-08-11,363.45,365.14,360.69,363.08,363.08,260500,-2.29,52.86,62.32
2021-08-10,373.08,373.16,359.73,361.68,361.68,324800,-0.95,51.30,67.68
2021-08-09,374.21,374.21,370.56,371.63,371.63,318400,11.78,65.54,74.75
2021-08-06,371.98,376.21,364.24,374.74,374.74,297700,11.49,71.28,74.86
2021-08-05,344.1,376.49,342.42,373.47,373.47,646100,8.07,70.30,66.86
2021-08-04,372.11,375.25,370.21,372.57,372.57,344300,14.34,69.61,71.55
2021-08-03,370.14,373.59,365.46,370.82,370.82,280100,16.44,68.28,65.07
2021-08-02,370.0,373.61,366.14,369.63,369.63,414700,18.76,67.39,64.63
2021-07-30,363.12,368.88,363.12,368.46,368.46,314200,24.99,66.52,56.69
2021-07-29,363.45,366.56,363.0,365.37,365.37,197800,15.58,64.19,55.60
2021-07-28,361.83,364.41,360.82,362.63,362.63,221300,10.42,62.02,56.59
2021-07-27,364.47,364.47,353.52,359.85,359.85,225900,7.48,59.71,50.01
2021-07-26,364.44,364.97,360.32,363.25,363.25,201100,11.73,64.13,49.30
2021-07-23,360.0,367.15,358.71,365.4,365.4,313700,14.46,67.05,57.18
2021-07-22,355.58,358.39,355.21,358.23,358.23,187800,4.47,61.65,56.10
2021-07-21,350.53,354.86,347.45,354.38,354.38,253700,2.14,58.24,57.58
2021-07-20,345.0,352.58,342.17,350.87,350.87,359000,-2.41,54.84,51.15
2021-07-19,346.1,349.92,340.79,343.47,343.47,378000,-12.17,46.27,49.89
2021-07-16,353.67,356.67,349.59,349.79,349.79,376800,-3.62,54.46,59.80
2021-07-15,351.83,354.84,349.25,352.21,352.21,218500,2.97,58.12,75.08
2021-07-14,353.97,356.96,351.72,352.37,352.37,242700,5.31,58.36,79.72
2021-07-13,350.38,354.86,347.82,351.52,351.52,223300,-1.01,57.49,79.87
2021-07-12,355.23,356.91,349.03,350.94,350.94,235200,1.81,56.92,84.41
2021-07-09,351.84,355.15,346.76,353.76,353.76,288800,10.28,60.59,84.85
2021-07-08,349.0,354.1,344.33,352.24,352.24,266100,10.69,59.28,72.90
2021-07-07,358.4,358.4,351.44,353.28,353.28,283500,14.28,60.56,77.57
2021-07-06,354.68,356.15,351.35,355.64,355.64,426500,15.02,63.45,77.25
2021-07-02,352.43,354.99,351.5,353.41,353.41,224100,16.58,61.85,70.84
2021-07-01,346.35,350.91,346.02,349.24,349.24,331000,17.81,58.72,71.81
2021-06-30,352.01,352.03,346.36,347.06,347.06,275100,10.49,57.00,72.23
2021-06-29,348.7,353.27,348.67,352.53,352.53,252500,20.37,63.11,77.51
2021-06-28,346.6,351.69,346.01,349.13,349.13,442200,13.62,60.68,72.03
2021-06-25,343.05,344.59,339.6,343.48,343.48,1404600,4.98,56.23,66.80
2021-06-24,342.4,344.91,339.56,341.55,341.55,310900,5.13,54.60,51.88
2021-06-23,340.78,341.94,338.52,339.0,339.0,293200,3.27,52.43,52.38
2021-06-22,337.14,341.16,336.28,340.62,340.62,317300,13.77,53.95,47.43
2021-06-21,331.93,337.94,329.4,336.83,336.83,407200,7.44,50.85,47.68
2021-06-18,336.46,339.04,329.74,331.43,331.43,826600,2.86,46.05,41.76
2021-06-17,330.79,338.85,330.35,336.57,336.57,334300,-2.21,50.40,51.28
2021-06-16,335.76,338.33,327.85,332.16,332.16,328000,2.86,46.36,40.81
2021-06-15,339.27,339.27,334.05,335.51,335.51,383500,-0.90,49.19,41.14
2021-06-14,336.84,339.81,335.96,338.5,338.5,446200,2.51,51.81,46.50
2021-06-11,337.16,339.64,334.37,336.42,336.42,441600,-1.52,50.09,44.84
2021-06-10,326.0,335.995,325.51,335.73,335.73,554719,-1.06,49.54,38.29
2021-06-09,331.61,332.26,326.05,326.85,326.85,424000,-11.18,41.83,35.77
2021-06-08,330.71,332.59,327.74,329.39,329.39,322000,-9.80,43.60,36.46
2021-06-07,335.33,338.84,326.0,328.57,328.57,636700,-10.20,42.87,43.73
2021-06-04,332.7,339.45,332.7,338.78,338.78,377800,8.52,50.35,46.74
2021-06-03,332.0,334.46,327.73,329.3,329.3,309700,-4.42,41.56,47.47
2021-06-02,335.35,339.51,335.34,336.41,336.41,348900,9.92,47.40,54.35
2021-06-01,340.92,340.92,332.43,335.99,335.99,298300,14.81,46.99,45.41
2021-05-28,339.83,343.79,337.64,337.94,337.94,303500,16.71,48.62,42.73
2021-05-27,335.74,338.99,332.52,336.79,336.79,920900,10.32,47.63,35.84
2021-05-26,339.58,341.57,336.63,338.03,338.03,274600,20.36,48.57,48.46
2021-05-25,338.98,341.05,337.86,339.19,339.19,267600,18.63,49.42,44.27
2021-05-24,334.68,340.22,334.41,338.77,338.77,269600,17.90,49.12,46.19
2021-05-21,336.3,336.99,328.47,330.26,330.26,270900,7.09,42.76,40.21
2021-05-20,329.12,335.89,328.5,333.72,333.72,335000,1.34,44.88,39.44
2021-05-19,316.24,327.32,316.22,326.49,326.49,326400,-6.17,39.02,34.43
2021-05-18,324.03,328.77,320.83,321.18,321.18,447000,-34.31,34.25,34.44
2021-05-17,324.2,325.5,318.61,321.23,321.23,294800,-29.37,34.27,32.51
2021-05-14,321.63,328.42,320.37,326.47,326.47,462900,-35.08,36.72,36.88
2021-05-13,324.54,326.28,317.11,317.67,317.67,422200,-47.99,28.80,37.33
2021-05-12,314.7,323.14,313.75,320.56,320.56,629400,-51.24,29.94,36.24
2021-05-11,318.4,326.14,314.68,320.87,320.87,669600,-54.53,30.06,43.69
2021-05-10,329.88,332.26,322.97,323.17,323.17,574200,-50.34,30.90,52.17
2021-05-07,338.95,342.59,331.79,332.38,332.38,605900,-44.50,34.51,54.45
2021-05-06,335.52,343.08,328.24,332.66,332.66,818700,-39.07,34.62,46.60
2021-05-05,356.25,358.83,351.97,355.49,355.49,465300,-9.32,46.18,49.46
2021-05-04,357.62,357.62,347.06,350.6,350.6,530500,-15.28,42.35,48.38
2021-05-03,369.03,369.54,360.5,361.55,361.55,369200,-3.39,49.70,50.54
2021-04-30,368.25,369.8,364.74,365.66,365.66,326800,1.19,52.89,59.39
2021-04-29,377.21,378.0,367.4,371.8,371.8,281100,-2.13,58.08,66.60
2021-04-28,371.64,376.83,370.27,375.4,375.4,209300,0.78,61.35,72.64
2021-04-27,377.7,378.75,370.23,373.51,373.51,268100,6.89,60.26,73.08
2021-04-26,370.44,376.91,367.34,376.88,376.88,446000,5.86,63.22,67.94
2021-04-23,366.46,374.14,366.46,371.73,371.73,260500,4.79,60.47,59.82
2021-04-22,367.18,371.71,362.81,364.81,364.81,381900,-1.89,56.39,61.90
2021-04-21,365.57,367.55,362.98,365.88,365.88,415500,3.64,57.24,63.65
2021-04-20,363.54,367.14,361.14,364.94,364.94,271500,9.60,56.71,64.54
2021-04-19,371.74,372.87,361.86,364.47,364.47,295300,6.05,56.46,61.36
2021-04-16,375.33,375.33,368.44,373.93,373.93,435900,11.17,63.31,68.07
2021-04-15,369.11,375.44,368.0,374.62,374.62,342000,22.77,63.83,76.62
2021-04-14,370.18,373.37,365.45,366.62,366.62,299800,27.06,60.29,69.68
2021-04-13,370.31,374.41,368.85,371.02,371.02,470300,39.13,63.47,68.69
2021-04-12,367.09,370.7,366.33,366.94,366.94,354100,24.71,61.73,68.65
2021-04-09,361.95,367.33,359.65,366.7,366.7,296396,23.74,61.63,69.52
2021-04-08,359.6,364.205,359.08,362.24,362.24,295856,34.36,59.83,71.49
2021-04-07,359.86,359.86,353.33,355.34,355.34,245303,24.97,56.92,65.66
2021-04-06,360.0,362.295,354.295,358.42,358.42,358205,24.89,58.68,63.98
2021-04-05,353.99,363.785,353.81,362.76,362.76,529986,27.90,61.16,69.46
2021-04-01,344.88,356.99,343.515,351.85,351.85,649774,27.60,56.91,69.11
2021-03-31,335.38,342.25,333.49,339.56,339.56,590630,18.07,51.35,61.97
2021-03-30,338.72,338.81,330.47,331.89,331.89,600893,3.52,47.42,62.47
2021-03-29,342.04,345.7,336.41,342.23,342.23,593743,11.45,52.76,70.22
2021-03-26,328.16,343.71,324.095,342.96,342.96,763465,17.25,53.15,70.54
2021-03-25,328.73,331.8999,323.4648,327.88,327.88,515082,11.00,45.36,62.11
2021-03-24,331.9332,335.07,328.0905,330.37,330.37,434088,7.73,46.55,59.54
2021-03-23,338.49,340.98,331.9,333.53,333.53,512341,23.44,48.03,57.19
2021-03-22,326.26,337.235,326.26,334.86,334.86,591262,26.86,48.63,49.95
2021-03-19,322.43,328.42,320.69,324.25,324.25,842075,30.70,43.35,43.53
2021-03-18,321.36,327.44,318.1,321.49,321.49,530570,13.46,41.90,43.12
2021-03-17,326.37,330.92,321.3601,328.37,328.37,478206,22.21,44.53,41.37
2021-03-16,329.96,333.24,327.985,330.78,330.78,575119,10.92,45.46,38.01
2021-03-15,314.77,325.89,314.77,325.71,325.71,496731,-10.62,43.14,37.43
2021-03-12,316.56,319.28,314.11,316.88,316.88,547552,-29.23,38.96,32.71
2021-03-11,317.73,325.44,317.73,322.64,322.64,730915,-18.35,40.78,32.91
2021-03-10,310.625,316.9,308.2003,310.09,310.09,737127,-28.37,34.60,31.69
2021-03-09,300.01,312.88,297.76,308.0,308.0,759551,-77.37,33.53,25.44
2021-03-08,307.47,311.94,292.83,293.55,293.55,726578,-82.01,25.72,18.90
2021-03-05,311.93,312.57,292.79,308.03,308.03,940326,-75.17,28.88,24.44
2021-03-04,318.99,321.77,301.69,306.16,306.16,841319,-89.21,27.82,30.44
2021-03-03,333.79,333.79,317.55,319.86,319.86,790897,-69.95,30.96,36.51
2021-03-02,350.06,350.78,334.91,336.33,336.33,566265,-57.57,35.44,43.45
2021-03-01,347.39,352.49,345.05,346.11,346.11,723931,-55.75,38.51,48.80
2021-02-26,340.96,349.02,337.98,340.99,340.99,872046,-62.61,35.81,46.96
2021-02-25,354.4,369.7,336.83,338.46,338.46,1245451,-57.67,34.49,56.18
2021-02-24,371.67,386.68,365.045,385.37,385.37,417683,-1.22,53.44,70.94
2021-02-23,378.0,378.47,364.845,375.56,375.56,427095,-10.83,47.88,64.92
2021-02-22,393.61,393.61,382.0263,383.2,383.2,396464,1.23,52.40,72.70
2021-02-19,391.2,400.6,390.094,395.37,395.37,443474,15.89,60.92,81.10
2021-02-18,390.46,391.545,383.395,389.81,389.81,358122,12.40,58.02,71.98
2021-02-17,397.65,397.65,388.39,393.9,393.9,290936,23.83,61.12,79.71
2021-02-16,404.89,413.19,400.81,401.86,401.86,386610,26.74,67.63,77.40
2021-02-12,397.64,404.16,395.13,403.6,403.6,340628,35.66,69.12,66.17
2021-02-11,390.39,396.62,390.39,396.13,396.13,319517,41.76,66.14,57.62
2021-02-10,388.97,390.31,383.35,386.59,386.59,364294,23.72,61.75,48.58
2021-02-09,382.0,387.9183,381.52,386.39,386.39,238776,37.54,61.66,42.16
2021-02-08,381.11,383.76,379.48,381.97,381.97,428896,15.33,59.56,43.06
2021-02-05,379.72,384.66,377.43,379.48,379.48,347497,11.61,58.37,42.39
2021-02-04,372.59,377.63,370.75,377.41,377.41,265128,2.84,57.40,35.49
2021-02-03,376.67,376.99,369.815,370.07,370.07,254688,-1.79,53.87,30.05
2021-02-02,369.97,377.99,369.97,375.12,375.12,300443,-3.53,56.88,36.38
2021-02-01,358.1,370.43,356.27,367.94,367.94,436705,-1.57,53.45,40.67
2021-01-29,357.16,360.85,351.87,354.37,354.37,464742,-9.91,45.87,39.46
2021-01-28,353.36,369.535,352.93,362.87,362.87,420318,-6.18,50.66,46.52
2021-01-27,362.21,364.98,345.45,348.85,348.85,480243,-26.73,41.26,46.43
2021-01-26,368.12,369.87,362.97,366.64,366.64,661722,-6.63,53.21,44.65
2021-01-25,376.59,377.65,364.51,367.87,367.87,525423,-5.46,54.22,46.42
2021-01-22,371.23,375.83,370.79,374.57,374.57,661642,-0.09,59.97,46.52
2021-01-21,379.57,380.21,371.74,371.86,371.86,364887,6.84,58.31,54.54
2021-01-20,371.89,380.755,371.47,378.65,378.65,334953,28.75,64.54,59.30
2021-01-19,367.27,370.76,365.27,369.51,369.51,375453,9.68,59.08,55.22
2021-01-15,368.85,370.57,362.22,364.28,364.28,498106,6.61,55.43,53.96
2021-01-14,376.0,378.36,367.61,369.05,369.05,457752,5.25,59.95,56.66
2021-01-13,370.94,378.85,366.49,375.58,375.58,464654,13.26,66.90,64.27
2021-01-12,371.38,375.85,370.57,373.27,373.27,760751,12.42,65.59,63.58
2021-01-11,371.65,375.0,369.02,373.33,373.33,291179,9.61,65.65,51.26
2021-01-08,366.56,375.78,365.0,374.66,374.66,497712,10.49,66.97,56.14
2021-01-07,352.61,366.17,352.61,365.02,365.02,410011,2.80,61.82,54.91
2021-01-06,351.85,355.345,348.5291,349.9,349.9,767203,-12.41,50.58,48.94
2021-01-05,356.78,360.5,353.7255,359.83,359.83,400335,3.88,61.64,59.19
2021-01-04,362.35,373.79,353.745,357.67,357.67,521740,-0.14,59.87,66.44
2020-12-31,363.81,366.47,362.42,363.8,363.8,396538,17.17,68.17,69.17
2020-12-30,362.96,364.8634,360.87,362.32,362.32,224725,18.70,67.15,62.82
2020-12-29,365.0,366.69,358.72,360.85,360.85,195760,17.82,66.15,57.57
2020-12-28,367.08,368.0,361.94,363.72,363.72,208692,20.33,70.02,55.62
2020-12-24,362.76,366.325,361.13,364.17,364.17,209331,28.98,70.62,56.59
2020-12-23,364.72,369.82,362.19,362.22,362.22,398798,28.18,69.56,60.85
2020-12-22,355.0,362.58,355.0,362.31,362.31,376029,27.76,69.67,59.77
2020-12-21,351.73,357.89,344.2746,355.95,355.95,635566,14.67,66.27,54.06
2020-12-18,347.67,358.01,347.005,357.81,357.81,932540,15.92,68.35,63.92
2020-12-17,345.74,346.73,342.255,346.63,346.63,360730,3.16,61.63,61.22
2020-12-16,344.63,346.0,341.3004,343.62,343.62,315085,6.08,59.47,59.93
2020-12-15,344.31,349.37,342.19,343.03,343.03,418017,8.10,59.05,66.33
2020-12-14,336.75,346.31,335.26,343.39,343.39,426115,2.54,59.40,66.25
2020-12-11,331.57,335.73,328.6,335.185,335.185,329790,-2.87,53.63,58.68
2020-12-10,332.19,337.2123,330.255,334.04,334.04,323285,3.63,52.76,59.21
2020-12-09,342.7,343.48,333.27,334.55,334.55,329640,11.68,53.17,65.90
2020-12-08,344.49,344.49,338.27,341.28,341.28,402701,21.16,58.81,66.29
2020-12-07,343.92,346.6761,340.48,341.89,341.89,350074,28.47,59.34,66.93
2020-12-04,339.15,345.54,339.0,343.47,343.47,294333,25.21,60.65,59.83
2020-12-03,332.65,340.5,332.65,337.54,337.54,269097,13.42,57.36,60.73
2020-12-02,338.87,339.8451,334.23,334.93,334.93,284758,16.94,55.85,55.38
2020-12-01,339.09,343.7,335.2,340.85,340.85,397479,21.06,60.35,61.41
2020-11-30,330.17,338.84,328.75,338.06,338.06,598692,15.39,58.90,50.87
2020-11-27,326.24,331.99,324.23,330.41,330.41,209297,2.20,54.69,49.89
2020-11-25,323.7,328.13,320.2,322.87,322.87,324758,-0.77,50.00,50.52
2020-11-24,316.41,321.33,313.845,320.12,320.12,428680,-8.84,48.18,52.60
2020-11-23,318.95,319.425,310.9425,313.42,313.42,357059,-6.01,43.54,54.85
2020-11-20,323.73,325.95,317.81,318.26,318.26,296977,-10.21,46.33,61.00
2020-11-19,316.25,325.53,313.64,324.12,324.12,338513,-12.68,49.91,67.04
2020-11-18,318.52,319.77,315.34,317.99,317.99,319654,-10.36,45.84,60.60
2020-11-17,321.88,324.185,318.48,319.79,319.79,380220,-9.46,46.88,59.48
2020-11-16,328.17,328.79,320.955,322.67,322.67,334836,6.76,48.51,59.42
2020-11-13,326.36,329.23,324.55,328.21,328.21,420728,16.98,51.74,65.22
2020-11-12,328.52,332.58,322.865,323.64,323.64,254960,19.27,49.15,59.11
2020-11-11,325.24,334.05,325.24,328.96,328.96,300667,18.11,52.17,64.05
2020-11-10,321.99,329.23,318.13,319.43,319.43,632639,11.40,46.72,58.32
2020-11-09,346.13,348.98,328.13,328.47,328.47,500875,6.30,51.93,60.62
2020-11-06,330.14,337.67,323.4475,336.8,336.8,269601,15.80,57.42,50.04
2020-11-05,330.15,339.9,324.595,328.35,328.35,539342,-1.87,52.71,43.19
2020-11-04,330.22,335.37,323.32,329.25,329.25,678179,2.47,53.30,43.34
2020-11-03,313.66,320.74,312.05,315.91,315.91,358391,-11.95,44.93,34.55
2020-11-02,304.445,314.6,304.445,311.23,311.23,457560,-20.73,41.52,34.77
2020-10-30,306.35,309.28,301.255,304.37,304.37,422617,-31.88,36.13,34.53
2020-10-29,308.36,313.96,306.605,310.85,310.85,442853,-38.87,39.31,41.70
2020-10-28,319.71,322.17,307.215,308.03,308.03,396636,-43.67,37.07,48.02
2020-10-27,324.67,327.7434,321.56,322.17,322.17,368927,-29.23,44.74,54.05
2020-10-26,323.67,328.36,315.78,321.0,321.0,330645,-30.31,43.85,54.28
2020-10-23,329.23,331.85,324.38,330.22,330.22,349893,-17.64,49.73,51.19
2020-10-22,327.38,329.2099,323.1825,326.78,326.78,370257,-10.04,47.28,45.35
2020-10-21,332.01,336.43,326.9,327.86,327.86,390739,-5.68,47.96,45.16
2020-10-20,337.905,337.905,331.71,331.96,331.96,697591,1.56,50.53,52.21
2020-10-19,348.7,353.04,334.79,336.25,336.25,565562,19.78,53.30,63.05
2020-10-16,353.55,357.925,348.72,349.72,349.72,521827,25.85,63.45,71.69
2020-10-15,348.31,352.7,344.94,351.7,351.7,295484,30.12,65.14,70.54
2020-10-14,354.13,355.35,346.69,351.4,351.4,341796,16.60,65.01,75.87
2020-10-13,345.16,355.19,345.16,351.31,351.31,384374,24.08,64.97,71.13
2020-10-12,340.56,351.49,340.25,347.86,347.86,425198,28.35,63.61,65.55
2020-10-09,336.0,339.17,334.09,336.82,336.82,333372,18.02,58.86,64.52
2020-10-08,331.97,334.38,328.82,333.54,333.54,328402,21.38,57.33,66.37
2020-10-07,319.52,330.96,319.52,330.4,330.4,394637,25.99,55.86,56.83
2020-10-06,322.7,324.86,314.9,316.47,316.47,700394,13.92,48.59,49.91
2020-10-05,322.46,326.195,321.58,323.87,323.87,388324,8.43,52.89,51.42
2020-10-02,330.19,331.46,318.94,321.58,321.58,399863,12.39,51.66,56.62
2020-10-01,332.07,336.35,329.285,334.8,334.8,494035,29.72,60.06,62.22
2020-09-30,318.51,328.79,317.35,327.23,327.23,682274,18.35,56.28,55.48
2020-09-29,318.22,321.87,317.36,319.51,319.51,474905,1.62,51.98,53.54
2020-09-28,318.36,320.24,315.54,318.8,318.8,326520,-9.41,51.57,53.79
2020-09-25,303.71,312.89,301.38,312.16,312.16,361331,-9.44,47.72,46.45
2020-09-24,300.28,307.88,298.76,304.41,304.41,275091,-9.67,42.79,39.03
2020-09-23,313.83,313.83,301.0,302.55,302.55,310341,-14.87,41.57,37.38
2020-09-22,310.86,316.04,307.79,315.44,315.44,292790,-4.61,48.22,42.98
2020-09-21,300.91,309.47,298.35,309.19,309.19,700436,0.58,44.20,43.66
2020-09-18,309.24,312.0,299.89,305.08,305.08,800944,-16.13,41.42,42.62
2020-09-17,308.83,313.3,305.01,308.88,308.88,518402,-23.26,43.27,53.50
2020-09-16,331.44,331.44,317.43,317.89,317.89,499648,-32.70,47.99,59.64
2020-09-15,323.78,330.0295,321.765,328.21,328.21,251642,-15.68,54.29,66.94
2020-09-14,318.69,323.58,317.62,321.6,321.6,266869,-17.41,50.42,67.19
2020-09-11,318.48,320.75,309.74,314.08,314.08,341449,-22.63,45.55,67.76
2020-09-10,323.68,327.975,315.35,317.42,317.42,442757,-14.92,47.47,66.33
2020-09-09,314.78,322.305,310.41,320.05,320.05,506316,-11.43,48.98,65.58
2020-09-08,311.35,319.0,306.5294,308.61,308.61,551031,-17.88,41.45,60.07
2020-09-04,330.22,333.23,313.73,321.21,321.21,586309,-4.04,48.83,67.65
2020-09-03,344.55,346.88,328.24,332.14,332.14,510902,7.64,56.99,76.79
2020-09-02,354.87,354.87,343.68,350.59,350.59,379254,22.27,77.25,81.20
2020-09-01,338.95,345.395,338.22,343.89,343.89,342486,24.36,74.15,80.81
2020-08-31,336.65,340.03,334.64,339.01,339.01,518039,18.54,71.53,80.28
2020-08-28,332.36,336.72,332.26,336.71,336.71,626458,19.35,70.20,73.00
2020-08-27,334.51,334.89,327.72,332.34,332.34,234836,19.15,67.54,62.78
2020-08-26,324.41,333.23,324.295,331.48,331.48,340214,16.71,67.01,56.06
2020-08-25,325.75,328.97,324.165,326.49,326.49,296265,18.09,63.77,57.66
2020-08-24,327.41,330.32,322.66,325.25,325.25,368979,23.33,62.93,58.67
2020-08-21,327.92,327.92,322.38,324.5,324.5,462841,15.72,62.44,49.07
2020-08-20,319.14,328.92,318.78,328.32,328.32,300788,15.95,66.59,58.07
2020-08-19,321.51,322.86,316.22,319.53,319.53,234969,4.28,61.06,57.72
2020-08-18,319.56,322.405,317.54,320.47,320.47,267318,8.20,62.08,63.60
2020-08-17,315.15,319.675,315.15,317.36,317.36,277165,8.58,60.03,64.18
2020-08-14,314.24,317.08,311.06,313.19,313.19,250929,-2.04,57.14,65.85
2020-08-13,309.41,319.43,309.41,314.77,314.77,319382,4.17,58.63,71.24
2020-08-12,302.28,310.1,302.28,308.4,308.4,242665,-1.27,54.15,61.92
2020-08-11,307.87,307.87,300.48,301.92,301.92,293599,-4.13,48.93,56.36
2020-08-10,311.62,311.62,301.56,308.78,308.78,366467,10.56,55.10,61.18
2020-08-07,313.85,318.0,308.75,312.37,312.37,326063,12.20,58.70,68.13
2020-08-06,313.05,319.83,311.1,315.25,315.25,521661,21.74,61.70,73.72
2020-08-05,312.06,319.83,309.875,312.27,312.27,419538,12.12,59.72,73.72
2020-08-04,313.76,314.94,307.16,308.78,308.78,524194,1.89,57.32,65.47
2020-08-03,311.62,316.52,310.59,315.23,315.23,370851,9.48,63.84,73.66
2020-07-31,312.56,312.56,304.81,310.6,310.6,276023,1.49,60.87,65.39
2020-07-30,302.16,311.47,300.14,309.67,309.67,344353,8.54,60.27,58.90
2020-07-29,300.98,308.33,300.56,306.05,306.05,360007,10.75,57.90,53.83
2020-07-28,299.87,303.27,296.78,298.22,298.22,543611,-2.82,52.19,54.39
2020-07-27,294.97,300.62,294.97,300.17,300.17,348953,-0.87,53.88,47.45
2020-07-24,297.15,298.03,291.55,293.51,293.51,619984,-2.05,48.60,41.21
2020-07-23,307.13,309.34,298.56,300.15,300.15,365105,-1.50,54.36,51.65
2020-07-22,307.62,310.0,304.71,306.89,306.89,247223,2.39,61.20,58.16
2020-07-21,309.88,310.05,303.76,305.75,305.75,442950,3.85,60.42,59.19
2020-07-20,301.48,309.57,299.88,309.11,309.11,279200,9.79,63.95,59.21
2020-07-17,297.1,301.45,293.57,301.13,301.13,551151,-0.51,58.62,53.05
2020-07-16,299.72,299.72,291.445,295.3,295.3,504036,-2.67,54.01,39.76
2020-07-15,301.27,304.49,297.26,301.04,301.04,298246,6.72,60.14,41.22
2020-07-14,291.19,301.27,289.08,301.04,301.04,506912,9.31,60.14,35.33
2020-07-13,303.67,306.26,293.73,295.56,295.56,432114,13.43,56.03,43.11
2020-07-10,303.25,305.11,298.84,301.65,301.65,247889,18.57,62.69,50.78
2020-07-09,302.57,307.6,301.19,304.69,304.69,430270,17.31,66.11,44.09
2020-07-08,301.69,303.09,297.62,301.9,301.9,249530,16.65,64.47,43.83
2020-07-07,301.42,306.23,299.16,299.32,299.32,338997,9.66,62.81,48.59
2020-07-06,300.19,307.31,299.4,301.64,301.64,537142,12.28,65.36,54.39
2020-07-02,295.39,299.735,295.39,297.97,297.97,338432,16.38,63.16,53.55
2020-07-01,291.12,295.57,287.33,294.32,294.32,401098,4.96,60.88,47.56
2020-06-30,282.69,293.24,279.99,291.73,291.73,473876,6.09,59.21,41.94
2020-06-29,283.79,286.2032,277.125,282.13,282.13,419610,-0.46,52.18,43.36
2020-06-26,287.52,289.14,280.26,283.08,283.08,1122903,8.25,53.02,42.88
2020-06-25,284.63,287.65,281.7113,287.19,287.19,291384,16.92,56.68,52.48
2020-06-24,286.71,290.965,281.85,285.25,285.25,468397,13.31,55.33,57.29
2020-06-23,290.49,294.45,288.97,289.66,289.66,469809,3.66,59.23,58.24
2020-06-22,283.49,289.36,281.84,289.36,289.36,524152,4.09,59.05,57.85
2020-06-19,292.94,295.11,281.36,281.59,281.59,1235673,-9.16,54.11,57.44
2020-06-18,286.11,291.28,284.01,289.36,289.36,421162,0.26,60.93,71.56
2020-06-17,284.51,289.02,283.5,285.64,285.64,435129,3.48,58.62,72.92
2020-06-16,281.48,286.75,278.32,282.59,282.59,540857,-4.31,56.66,73.52
2020-06-15,265.68,278.725,265.68,274.83,274.83,448284,-13.31,51.20,66.97
2020-06-12,277.74,280.96,266.78,270.27,270.27,594338,-16.43,47.60,67.30
2020-06-11,282.21,286.36,271.355,271.94,271.94,495742,-11.06,48.82,74.14
2020-06-10,288.98,291.0,285.94,286.0,286.0,670637,10.90,61.12,74.49
2020-06-09,290.75,293.06,284.591,285.27,285.27,499745,15.96,60.64,73.49
2020-06-08,286.37,292.32,283.44,290.75,290.75,411982,21.78,66.33,80.82
2020-06-05,282.93,289.55,280.89,289.1,289.1,450330,19.23,65.42,80.67
2020-06-04,284.63,286.958,279.0,282.16,282.16,348973,15.88,61.36,80.50
2020-06-03,289.2,290.99,282.77,286.9,286.9,408256,14.69,66.30,78.91
2020-06-02,286.56,288.14,281.02,288.14,288.14,454867,25.73,67.62,73.16
2020-06-01,281.85,289.23,280.44,286.7,286.7,536701,23.19,66.91,65.61
2020-05-29,274.66,283.63,273.93,283.0,283.0,776100,29.07,65.08,65.22
2020-05-28,268.89,281.04,268.71,275.1,275.1,615522,22.95,60.77,63.85
2020-05-27,267.65,269.34,259.04,269.31,269.31,468136,17.20,57.18,52.37
2020-05-26,274.39,275.0,268.71,268.97,268.97,526565,9.18,56.97,60.03
2020-05-22,265.87,271.24,264.87,269.87,269.87,276453,4.02,57.68,61.25
2020-05-21,271.35,272.565,266.18,266.28,266.28,476526,3.26,55.63,62.08
2020-05-20,267.08,274.61,265.03,272.21,272.21,442098,11.45,60.10,61.41
2020-05-19,264.99,268.74,262.41,262.41,262.41,406856,-5.66,54.49,63.33
2020-05-18,258.59,264.56,256.54,263.51,263.51,399419,1.28,55.30,64.43
2020-05-15,249.3,254.69,247.528,253.93,253.93,451096,-4.87,49.18,58.91
2020-05-14,249.25,252.25,244.53,252.15,252.15,541169,-3.49,47.96,58.72
2020-05-13,259.57,263.48,249.3,252.11,252.11,397748,-9.72,47.93,59.06
2020-05-12,268.2,268.2,259.6,259.79,259.79,538022,-6.05,52.67,59.58
2020-05-11,259.99,267.98,259.2,265.85,265.85,500441,8.50,56.78,66.17
2020-05-08,262.93,264.39,259.06,263.02,263.02,568985,0.15,55.26,59.48
2020-05-07,260.27,266.32,255.64,260.76,260.76,874555,1.31,54.07,58.78
2020-05-06,263.92,269.565,260.175,268.07,268.07,595345,9.12,58.78,69.70
2020-05-05,258.0,267.26,258.0,262.23,262.23,763497,-1.04,55.93,69.47
2020-05-04,254.58,260.25,254.55,258.8,258.8,447896,5.52,54.21,68.32
2020-05-01,257.44,260.0,252.77,255.64,255.64,580946,-11.08,52.62,68.72
2020-04-30,263.53,268.09,261.39,261.83,261.83,842667,-2.07,56.16,75.41
2020-04-29,260.62,266.53,258.13,265.84,265.84,648666,8.02,58.52,64.83
2020-04-28,266.4,266.96,254.42,257.35,257.35,485112,3.37,54.78,63.55
2020-04-27,264.18,265.61,260.48,262.87,262.87,395323,8.07,57.94,71.04
2020-04-24,264.32,264.93,256.885,259.45,259.45,472095,16.52,56.49,71.84
2020-04-23,261.76,264.99,257.87,258.95,258.95,317004,21.03,56.29,78.19
2020-04-22,260.4,264.86,256.4,263.27,263.27,508902,18.90,58.49,75.79
2020-04-21,263.45,263.88,252.72,253.28,253.28,567421,13.63,54.69,66.97
2020-04-20,262.44,268.44,258.61,266.72,266.72,429587,24.26,61.75,74.90
2020-04-17,261.5,264.79,256.32,263.9,263.9,846114,45.60,60.76,75.31
2020-04-16,255.94,259.21,253.37,257.82,257.82,556057,41.62,58.62,74.72
2020-04-15,251.05,256.6127,249.38,253.98,253.98,498903,42.73,57.26,74.97
2020-04-14,247.38,256.7171,247.38,254.8,254.8,556258,22.33,57.64,66.20
2020-04-13,234.88,243.59,234.21,242.93,242.93,367516,7.80,53.52,68.25
2020-04-09,243.17,244.23,234.59,237.92,237.92,821185,14.90,51.69,61.94
2020-04-08,241.43,246.74,238.05,244.37,244.37,425750,14.00,54.25,59.82
2020-04-07,247.25,252.0,234.49,239.65,239.65,698888,27.34,52.65,61.28
2020-04-06,229.21,244.2,227.76,242.46,242.46,655704,25.03,53.69,53.51
2020-04-03,215.34,219.65,211.9,218.3,218.3,576433,9.95,45.06,55.47
2020-04-02,209.5,218.0,207.7945,216.2,216.2,673637,3.09,44.22,48.79
2020-04-01,223.14,226.93,209.72,211.25,211.25,920085,-9.84,42.30,56.12
2020-03-31,234.51,237.57,229.1106,232.47,232.47,945710,10.80,49.04,54.84
2020-03-30,226.31,237.36,222.0,235.13,235.13,645282,0.84,49.97,49.00
2020-03-27,226.53,233.63,221.57,223.02,223.02,752143,16.67,45.62,50.22
2020-03-26,214.41,232.39,212.51,230.37,230.37,728553,-5.05,47.97,44.13
2020-03-25,214.81,221.8399,208.37,212.31,212.31,1030086,7.85,41.04,38.30
2020-03-24,218.75,223.829,210.48,217.43,217.43,1315128,-0.30,42.53,38.48
2020-03-23,212.97,223.87,204.28,208.35,208.35,892170,-20.77,38.87,36.66
2020-03-20,229.17,229.27,209.32,213.11,213.11,1309557,-9.30,40.12,36.49
2020-03-19,220.51,229.016,211.12,221.09,221.09,910661,-16.69,42.22,46.11
2020-03-18,215.4,226.43,210.4,221.67,221.67,1103652,-26.39,42.37,37.94
2020-03-17,211.89,237.4,203.705,234.29,234.29,1238015,-25.21,45.64,36.55
2020-03-16,226.63,226.63,205.61,206.35,206.35,1232876,-42.72,35.38,29.88
2020-03-13,215.0,235.5,214.69,235.42,235.42,1393862,-23.39,43.27,30.54
2020-03-12,201.51,219.21,200.07,204.46,204.46,1312348,-37.73,27.21,21.91
2020-03-11,222.19,225.175,214.61,217.73,217.73,737049,-26.42,30.67,22.58
2020-03-10,231.16,232.705,219.6,229.12,229.12,1003289,-41.07,34.12,22.61
2020-03-09,222.53,231.51,216.7,222.41,222.41,1058663,-44.03,29.80,20.91
2020-03-06,239.59,241.77,230.5,237.78,237.78,1034162,-38.96,34.63,21.12
2020-03-05,251.03,254.86,246.615,248.06,248.06,821910,-39.05,38.51,20.99
2020-03-04,254.22,259.5,249.525,259.5,259.5,733275,-34.52,43.56,26.53
2020-03-03,256.98,261.87,246.66,249.07,249.07,811245,-47.07,36.52,25.23
2020-03-02,242.08,259.08,241.51,258.81,258.81,1386638,-32.09,40.95,29.86
2020-02-28,234.02,246.1737,234.02,242.19,242.19,1674522,-49.79,26.90,24.66
2020-02-27,241.86,261.09,234.96,244.15,244.15,1534852,-47.53,27.62,27.32
2020-02-26,268.17,274.65,266.36,270.19,270.19,659351,-22.27,41.22,30.39
2020-02-25,278.9,281.63,265.775,266.44,266.44,681562,-21.85,37.08,30.21
2020-02-24,279.05,280.91,274.44,276.74,276.74,953890,-9.78,45.20,36.57
2020-02-21,293.01,293.9,284.55,287.11,287.11,584191,2.28,56.85,45.88
2020-02-20,295.89,296.745,288.06,294.02,294.02,525418,8.14,67.63,46.62
2020-02-19,292.94,299.06,290.305,296.14,296.14,524690,12.19,71.49,52.05
2020-02-18,292.6,292.6,287.63,290.9,290.9,700605,1.68,67.19,50.66
2020-02-14,292.94,292.94,290.42,291.98,291.98,911896,10.65,69.19,58.50
2020-02-13,291.75,293.44,291.06,291.68,291.68,600342,17.35,68.95,63.33
2020-02-12,289.55,292.89,288.43,292.46,292.46,449251,12.32,70.26,62.35
2020-02-11,287.5,289.16,284.8,288.29,288.29,435296,10.57,67.16,62.47
2020-02-10,283.22,287.73,281.3037,286.52,286.52,471367,8.16,65.75,62.91
2020-02-07,285.44,287.56,282.98,284.83,284.83,417036,14.13,64.40,63.74
2020-02-06,284.73,287.77,283.63,285.88,285.88,392400,8.54,65.90,70.55
2020-02-05,292.39,293.43,280.63,283.95,283.95,672253,6.24,64.49,77.46
2020-02-04,285.0,289.76,282.66,289.22,289.22,462353,14.49,72.06,86.76
2020-02-03,279.66,282.74,276.77,281.33,281.33,640345,7.51,66.61,79.66
2020-01-31,279.67,279.79,272.84,274.33,274.33,482447,4.05,60.22,78.97
2020-01-30,276.02,280.34,275.28,280.14,280.14,298337,13.33,70.64,85.81
2020-01-29,279.67,280.97,276.03,277.72,277.72,341186,13.44,68.53,86.21
2020-01-28,273.35,279.16,271.0,278.36,278.36,383823,15.49,69.76,86.36
2020-01-27,270.48,273.46,268.16,270.7,270.7,425063,6.65,62.23,86.25
2020-01-24,278.31,280.22,275.34,277.34,277.34,459990,16.54,77.82,84.35
2020-01-23,274.37,278.71,273.58,277.71,277.71,493859,16.28,78.84,77.75
2020-01-22,274.97,277.2958,274.33,274.73,274.73,530282,17.00,76.54,78.15
2020-01-21,269.9,275.88,268.68,273.82,273.82,645836,17.15,75.79,77.77
2020-01-17,269.2,270.6,266.45,270.28,270.28,531676,15.69,72.64,72.06
2020-01-16,266.05,266.9064,264.69,266.81,266.81,713076,9.84,68.97,70.78
2020-01-15,263.02,265.43,263.02,264.28,264.28,426893,4.69,65.87,68.48
2020-01-14,264.57,264.57,261.57,262.87,262.87,506148,5.46,64.00,64.38
2020-01-13,262.74,264.52,261.94,264.05,264.05,437010,7.25,66.84,60.15
2020-01-10,262.57,263.0573,260.14,260.8,260.8,266217,2.12,62.60,73.69
2020-01-09,259.98,261.8,258.515,261.43,261.43,513197,3.10,64.08,69.02
2020-01-08,256.41,258.89,255.91,257.73,257.73,445915,1.24,58.79,63.16
2020-01-07,255.11,258.34,253.5,256.67,256.67,357158,0.94,57.11,56.76
2020-01-06,255.46,255.865,252.62,254.59,254.59,612754,-4.30,53.67,57.29
2020-01-03,254.96,258.11,253.75,256.97,256.97,468388,1.22,58.67,62.77
2020-01-02,257.01,259.66,256.25,259.59,259.59,636649,4.92,64.85,61.90
