timestamp;status_code;length;Ticker;Offset
2023-08-16 13:22:13;200;10131;AAPL;0
2023-08-16 13:22:14;200;2415;MSFT;0
2023-08-16 13:22:15;200;11446;GOOG;0
2023-08-16 13:22:17;200;4994;GOOGL;0
2023-08-16 13:22:19;200;10810;AMZN;0
2023-08-16 13:26:08;200;3467992;AAPL;0
2023-08-16 13:26:12;200;4161769;MSFT;0
2023-08-16 13:26:16;200;3306158;GOOG;0
2023-08-16 13:26:20;200;3182291;GOOGL;0
2023-08-16 13:26:24;200;3753897;AMZN;0
2023-08-16 13:26:30;200;3783447;NVDA;0
2023-08-16 13:26:36;200;3631626;META;0
2023-08-16 13:26:41;200;2923917;TSLA;0
2023-08-16 13:26:48;200;4102799;AVGO;0
2023-08-16 13:26:57;200;5215840;PEP;0
2023-08-16 13:27:03;200;3276554;COST;0
2023-08-16 13:27:09;200;4081382;ADBE;0
2023-08-16 13:27:16;200;4774583;CSCO;0
2023-08-16 13:27:23;200;4165470;CMCSA;0
2023-08-16 13:27:29;200;2961830;NFLX;0
2023-08-16 13:27:35;200;3489523;AMD;0
2023-08-16 13:27:41;200;3785373;TMUS;0
2023-08-16 13:27:46;200;2919724;TXN;0
2023-08-16 13:27:52;200;3301070;INTC;0
2023-08-16 13:27:57;200;2736655;INTU;0
2023-08-16 13:28:04;200;4088165;AMGN;0
2023-08-16 13:28:12;200;4332734;QCOM;0
2023-08-16 13:28:17;200;2437492;HON;0
2023-08-16 13:28:22;200;2609010;AMAT;0
2023-08-16 13:28:29;200;3566309;SBUX;0
2023-08-16 13:28:35;200;2379841;BKNG;0
2023-08-16 13:28:40;200;1835088;ISRG;0
2023-08-16 13:28:44;200;1385157;ADP;0
2023-08-16 13:28:49;200;2789750;MDLZ;0
2023-08-16 13:28:56;200;4060345;GILD;0
2023-08-16 13:29:02;200;2327267;ADI;0
2023-08-16 13:29:10;200;2608960;VRTX;0
2023-08-16 13:29:16;200;1925363;LRCX;0
2023-08-16 13:29:22;200;4783347;REGN;0
2023-08-16 13:29:29;200;2835982;ABNB;0
2023-08-16 13:29:37;200;4092036;MU;0
2023-08-16 13:29:42;200;1511767;CME;0
2023-08-16 13:29:46;200;1180422;EQIX;0
2023-08-16 13:29:53;200;3724498;ATVI;0
2023-08-16 13:30:02;200;4024249;PYPL;0
2023-08-16 13:30:07;200;723097;KLAC;0
2023-08-16 13:30:14;200;2803985;PANW;0
2023-08-16 13:30:19;200;1530925;SNPS;0
2023-08-16 13:30:25;200;1547433;CHTR;0
2023-08-16 13:30:30;200;2071977;CDNS;0
2023-08-16 13:30:36;200;1628368;CSX;0
2023-08-16 13:30:41;200;1282175;MNST;0
2023-08-16 13:30:47;200;2644057;MAR;0
2023-08-16 13:30:53;200;1471444;WDAY;0
2023-08-16 13:30:58;200;907972;ORLY;0
2023-08-16 13:31:03;200;1313966;ROP;0
2023-08-16 13:31:08;200;1139790;CTAS;0
2023-08-16 13:31:13;200;1042215;KDP;0
2023-08-16 13:31:20;200;3483375;FTNT;0
2023-08-16 13:31:25;200;728872;ODFL;0
2023-08-16 13:31:31;200;1791175;MCHP;0
2023-08-16 13:31:36;200;1390223;ADSK;0
2023-08-16 13:31:41;200;1342395;PAYX;0
2023-08-16 13:31:47;200;1083253;PCAR;0
2023-08-16 13:31:52;200;1065188;DXCM;0
2023-08-16 13:31:57;200;532443;CPRT;0
2023-08-16 13:32:02;200;864119;IDXX;0
2023-08-16 13:32:09;200;2200534;KHC;0
2023-08-16 13:32:15;200;1455610;ON;0
2023-08-16 13:32:20;200;761437;AEP;0
2023-08-16 13:32:26;200;1575756;MRVL;0
2023-08-16 13:32:32;200;1586314;EXC;0
2023-08-16 13:32:38;200;1130794;ROST;0
2023-08-16 13:32:45;200;3697705;BIIB;0
2023-08-16 13:32:51;200;535816;FWONK;0
2023-08-16 13:32:58;200;3879269;MRNA;0
2023-08-16 13:33:05;200;1154333;TTD;0
2023-08-16 13:33:11;200;1460416;SGEN;0
2023-08-16 13:33:19;200;2936460;CRWD;0
2023-08-16 13:33:25;200;977235;CTSH;0
2023-08-16 13:33:32;200;2121698;BKR;0
2023-08-16 13:33:38;200;512728;FWONA;0
2023-08-16 13:33:43;200;329448;CEG;0
2023-08-16 13:33:50;200;1658561;VRSK;0
2023-08-16 13:33:57;200;1599141;EA;0
2023-08-16 13:34:02;200;1007447;CSGP;0
2023-08-16 13:34:08;200;911488;FAST;0
2023-08-16 13:34:15;200;1861184;WBD;0
2023-08-16 13:34:20;200;893128;XEL;0
2023-08-16 13:34:33;200;2890814;DLTR;0
2023-08-16 13:34:38;200;643331;GFS;0
2023-08-16 13:34:45;200;1650864;DDOG;0
2023-08-16 13:34:52;200;2441865;ILMN;0
2023-08-16 13:34:57;200;633132;CDW;0
2023-08-16 13:35:06;200;952833;ALGN;0
2023-08-16 13:35:15;200;2452144;FANG;0
2023-08-16 13:35:21;200;983318;ANSS;0
2023-08-16 13:35:26;200;327465;BATRA;0
2023-08-16 13:35:32;200;639559;MDB;0
2023-08-16 13:35:37;200;289106;SABRP;0
2023-08-16 13:35:43;200;180371;HBANP;0
2023-08-16 13:35:49;200;1254302;TROW;0
2023-08-16 13:35:57;200;2406472;DKNG;0
2023-08-16 13:36:06;200;1643908;NDAQ;0
2023-08-16 13:36:15;200;3253510;WBA;0
2023-08-16 13:36:21;200;923458;MPWR;0
2023-08-16 13:36:27;200;556316;SBAC;0
2023-08-16 13:36:32;200;190889;SYM;0
2023-08-16 13:36:40;200;1534599;TSCO;0
2023-08-16 13:36:46;200;1642740;TTWO;0
2023-08-16 13:36:54;200;1688049;EBAY;0
2023-08-16 13:37:02;200;2558460;ULTA;0
2023-08-16 13:37:09;200;1133947;ALNY;0
2023-08-16 13:37:16;200;2393478;FSLR;0
2023-08-16 13:37:23;200;578731;VRSN;0
2023-08-16 13:37:28;200;327465;BATRK;0
2023-08-16 13:37:36;200;1155411;FCNCA;0
2023-08-16 13:37:44;200;2487648;ZS;0
2023-08-16 13:37:50;200;948351;JBHT;0
2023-08-16 13:37:59;200;2656812;RIVN;0
2023-08-16 13:38:08;200;2942169;ZM;0
2023-08-16 13:38:14;200;607442;TW;0
2023-08-16 13:38:26;200;3773110;COIN;0
2023-08-16 13:38:36;200;4024472;ENPH;0
2023-08-16 13:38:43;200;1128819;PFG;0
2023-08-16 13:38:50;200;2376119;HOLX;0
2023-08-16 13:38:58;200;1034720;FITB;0
2023-08-16 13:39:05;200;1130523;RPRX;0
2023-08-16 13:39:13;200;790541;SIRI;0
2023-08-16 13:39:20;200;2127840;STLD;0
2023-08-16 13:39:27;200;982646;FITBI;0
2023-08-16 13:39:35;200;2488372;LPLA;0
2023-08-16 13:39:42;200;1149693;SWKS;0
2023-08-16 13:39:49;200;552907;PTC;0
2023-08-16 13:39:56;200;546118;EXPD;0
2023-08-16 13:40:05;200;869233;WMG;0
2023-08-16 13:40:16;200;3465460;UAL;0
2023-08-16 13:40:24;200;836594;BMRN;0
2023-08-16 13:40:31;200;1005556;HBAN;0
2023-08-16 13:40:38;200;859007;CINF;0
2023-08-16 13:40:45;200;400701;FITBP;0
2023-08-16 13:40:53;200;2084405;FOXA;0
2023-08-16 13:41:01;200;1125513;NTAP;0
2023-08-16 13:41:08;200;1416174;SPLK;0
2023-08-16 13:41:15;200;1004780;NTRS;0
2023-08-16 13:41:23;200;964457;TER;0
2023-08-16 13:41:31;200;2075608;EXPE;0
2023-08-16 13:41:39;200;938877;AKAM;0
2023-08-16 13:41:46;200;897993;PODD;0
2023-08-16 13:41:53;200;2112465;FOX;0
2023-08-16 13:42:02;200;1562110;LCID;0
2023-08-16 13:42:09;200;752604;AXON;0
2023-08-16 13:42:17;200;1165415;EXAS;0
2023-08-16 13:42:25;200;1014575;AGNCN;0
2023-08-16 13:42:32;200;535357;ENTG;0
2023-08-16 13:42:39;200;1327147;INCY;0
2023-08-16 13:42:46;200;754447;POOL;0
2023-08-16 13:42:54;200;973180;LKQ;0
2023-08-16 13:43:02;200;1323806;SMCI;0
2023-08-16 13:43:10;200;901552;CELH;0
2023-08-16 13:43:17;200;134446;AGNCO;0
2023-08-16 13:43:24;200;852631;SSNC;0
2023-08-16 13:43:31;200;627776;QRTEP;0
2023-08-16 13:43:39;200;551858;BSY;0
2023-08-16 13:43:46;200;1014575;AGNCM;0
2023-08-16 13:43:54;200;685812;FITBO;0
2023-08-16 13:44:01;200;513885;LSXMB;0
2023-08-16 13:44:08;200;173398;APP;0
2023-08-16 13:44:15;200;751620;TRMB;0
2023-08-16 13:44:23;200;853506;NDSN;0
2023-08-16 13:44:31;200;818027;APA;0
2023-08-16 13:44:38;200;528292;LSXMK;0
2023-08-16 13:44:46;200;916476;WDC;0
2023-08-16 13:44:53;200;434014;LBRDA;0
2023-08-16 13:45:03;200;888605;ZBRA;0
2023-08-16 13:45:11;200;531723;LSXMA;0
2023-08-16 13:45:18;200;434014;LBRDK;0
2023-08-16 13:45:26;200;424803;GEN;0
2023-08-16 13:45:34;200;1413155;VTRS;0
2023-08-16 13:45:41;200;498108;TECH;0
2023-08-16 13:45:49;200;363325;ERIE;0
2023-08-16 13:45:56;200;333381;EVRG;0
2023-08-16 13:46:06;200;2096269;Z;0
2023-08-16 13:46:13;200;769502;LNT;0
2023-08-16 13:46:21;200;774813;AGNCP;0
2023-08-16 13:46:29;200;2070259;ZG;0
2023-08-16 13:46:37;200;864725;AZPN;0
2023-08-16 13:46:46;200;1430351;NWS;0
2023-08-16 13:46:55;200;1638220;MTCH;0
2023-08-16 13:47:02;200;675818;JKHY;0
2023-08-16 13:47:10;200;1232388;GLPI;0
2023-08-16 13:47:18;200;1440630;NWSA;0
2023-08-16 13:47:27;200;917800;LSCC;0
2023-08-16 13:47:35;200;473667;VLYPO;0
2023-08-16 13:47:44;200;1025771;PARAA;0
2023-08-16 13:47:52;200;618126;MANH;0
2023-08-16 13:48:01;200;2006368;CZR;0
2023-08-16 13:48:10;200;2016753;OKTA;0
2023-08-16 13:48:20;200;2069047;ROKU;0
2023-08-16 13:48:27;200;2;OCCIN;0
2023-08-16 13:48:35;200;510123;LEGN;0
2023-08-16 13:48:44;200;1052562;HST;0
2023-08-16 13:48:53;200;1474520;WYNN;0
2023-08-16 13:49:02;200;588564;SAIA;0
2023-08-16 13:49:11;200;1100234;CG;0
2023-08-16 13:49:19;200;789420;CHK;0
2023-08-16 13:49:27;200;811366;PCTY;0
2023-08-16 13:49:36;200;1151158;CHRW;0
2023-08-16 13:49:44;200;669440;REG;0
2023-08-16 13:49:53;200;799690;LECO;0
2023-08-16 13:50:04;200;822386;UTHR;0
2023-08-16 13:50:13;200;1072602;FIVE;0
2023-08-16 13:50:22;200;814124;ARCC;0
2023-08-16 13:50:31;200;944039;LOGI;0
2023-08-16 13:50:40;200;1027803;PAA;0
2023-08-16 13:50:49;200;1303926;SRPT;0
2023-08-16 13:50:57;200;473667;VLYPP;0
2023-08-16 13:51:09;200;3331222;AAL;0
2023-08-16 13:51:18;200;734629;NBIX;0
2023-08-16 13:51:27;200;957378;OZK;0
2023-08-16 13:51:35;200;71955;CFLT;0
2023-08-16 13:51:43;200;1296140;QRVO;0
2023-08-16 13:51:52;200;856201;BRKR;0
2023-08-16 13:52:01;200;1450697;HSIC;0
2023-08-16 13:52:11;200;1664748;DOCU;0
2023-08-16 13:52:20;200;1035035;IBKR;0
2023-08-16 13:52:28;200;507306;DBX;0
2023-08-16 13:52:39;200;1832971;ETSY;0
2023-08-16 13:52:47;200;709805;RGEN;0
2023-08-16 13:52:56;200;1774063;PARA;0
2023-08-16 13:53:07;200;1753687;HOOD;0
2023-08-16 13:53:15;200;320433;OZKAP;0
2023-08-16 13:53:25;200;1102129;IEP;0
2023-08-16 13:53:33;200;597921;FFIV;0
2023-08-16 13:53:42;200;808053;MORN;0
2023-08-16 13:53:51;200;1090775;CHDN;0
2023-08-16 13:54:00;200;1172944;CASY;0
2023-08-16 13:54:10;200;1401244;HAS;0
2023-08-16 13:54:19;200;530413;LAMR;0
2023-08-16 13:54:28;200;740731;TTEK;0
2023-08-16 13:54:38;200;1482814;CAR;0
2023-08-16 13:54:47;200;924772;MKTX;0
2023-08-16 13:54:57;200;2335366;SWAV;0
2023-08-16 13:55:06;200;330625;CGNX;0
2023-08-16 13:55:16;200;1009214;WSC;0
2023-08-16 13:55:25;200;1337173;SOFI;0
2023-08-16 13:55:34;200;175517;TPG;0
2023-08-16 13:55:42;200;472221;SEIC;0
2023-08-16 13:55:52;200;1176200;MEDP;0
2023-08-16 13:56:02;200;1103742;XRAY;0
2023-08-16 13:56:11;200;795019;EWBC;0
2023-08-16 13:56:20;200;386912;MIDD;0
2023-08-16 13:56:30;200;603380;NATI;0
2023-08-16 13:56:40;200;675451;GNTX;0
2023-08-16 13:56:49;200;1168387;MAT;0
2023-08-16 13:56:58;200;602320;WWD;0
2023-08-16 13:57:08;200;829414;ALGM;0
2023-08-16 13:57:17;200;754142;RGLD;0
2023-08-16 13:57:27;200;775499;ZI;0
2023-08-16 13:57:36;200;540524;OLED;0
2023-08-16 13:57:46;200;387131;CHX;0
2023-08-16 13:57:55;200;585160;TXRH;0
2023-08-16 13:58:04;200;717630;ACHC;0
2023-08-16 13:58:13;200;617585;LSTR;0
2023-08-16 13:58:23;200;1200799;NTNX;0
2023-08-16 13:58:31;200;536235;RCM;0
2023-08-16 13:58:40;200;320919;GTLB;0
2023-08-16 13:58:49;200;533067;LNW;0
2023-08-16 13:58:58;200;1205625;EXEL;0
2023-08-16 13:59:07;200;492937;KRTX;0
2023-08-16 13:59:16;200;315073;COKE;0
2023-08-16 13:59:24;200;43174;CCCS;0
2023-08-16 13:59:33;200;750693;FRSH;0
2023-08-16 13:59:42;200;656758;NTRA;0
2023-08-16 13:59:51;200;336331;CBSH;0
2023-08-16 14:00:00;200;347886;LFUS;0
2023-08-16 14:00:10;200;382107;AMKR;0
2023-08-16 14:00:19;200;505651;RETA;0
2023-08-16 14:00:28;200;259117;CHRD;0
2023-08-16 14:00:38;200;740882;MKSI;0
2023-08-16 14:00:47;200;376378;UFPI;0
2023-08-16 14:00:56;200;434560;SPSC;0
2023-08-16 14:01:06;200;984348;CACC;0
2023-08-16 14:01:16;200;817168;IRDM;0
2023-08-16 14:01:25;200;445751;OPCH;0
2023-08-16 14:01:34;200;175090;WFRD;0
2023-08-16 14:01:43;200;91783;AMAM;0
2023-08-16 14:01:54;200;1858984;CROX;0
2023-08-16 14:02:05;200;809893;PPC;0
2023-08-16 14:02:14;200;605827;SIGI;0
2023-08-16 14:02:24;200;497216;APPF;0
2023-08-16 14:02:34;200;934298;HQY;0
2023-08-16 14:02:43;200;431050;RMBS;0
2023-08-16 14:02:54;200;1607685;MASI;0
2023-08-16 14:03:03;200;400766;REYN;0
2023-08-16 14:03:12;200;481460;TXG;0
2023-08-16 14:03:23;200;1067957;AGNC;0
2023-08-16 14:03:33;200;769386;NFE;0
2023-08-16 14:03:42;200;522208;HALO;0
2023-08-16 14:03:52;200;922269;IONS;0
2023-08-16 14:04:01;200;219806;SSB;0
2023-08-16 14:04:10;200;229847;DUOL;0
2023-08-16 14:04:20;200;1121252;NXST;0
2023-08-16 14:04:29;200;282280;HCP;0
2023-08-16 14:04:39;200;813284;BOKF;0
2023-08-16 14:04:48;200;329418;NOVT;0
2023-08-16 14:05:01;200;2446697;PLUG;0
2023-08-16 14:05:13;200;978507;ACLS;0
2023-08-16 14:05:23;200;777387;HTZ;0
2023-08-16 14:05:33;200;567378;ITCI;0
2023-08-16 14:05:43;200;857263;ZION;0
2023-08-16 14:05:53;200;608625;QLYS;0
2023-08-16 14:06:04;200;826296;ENSG;0
2023-08-16 14:06:16;200;1239386;MSTR;0
2023-08-16 14:06:25;200;505143;PNFP;0
2023-08-16 14:06:35;200;407404;MTSI;0
2023-08-16 14:06:44;200;175256;AUR;0
2023-08-16 14:06:54;200;512023;NSIT;0
2023-08-16 14:07:05;200;833979;TENB;0
2023-08-16 14:07:14;200;479112;AAON;0
2023-08-16 14:07:25;200;798495;BECN;0
2023-08-16 14:07:35;200;1054229;BBIO;0
2023-08-16 14:07:46;200;705164;ALTR;0
2023-08-16 14:07:55;200;429384;LANC;0
2023-08-16 14:08:05;200;628755;NEOG;0
2023-08-16 14:08:16;200;468012;QDEL;0
2023-08-16 14:08:25;200;192162;FIZZ;0
2023-08-16 14:08:35;200;1170448;WTFC;0
2023-08-16 14:08:45;200;459087;HLNE;0
2023-08-16 14:08:55;200;526703;FIVN;0
2023-08-16 14:09:05;200;474463;BPOP;0
2023-08-16 14:09:15;200;464141;IAC;0
2023-08-16 14:09:26;200;1418643;WING;0
2023-08-16 14:09:36;200;740524;VLY;0
2023-08-16 14:09:46;200;533211;IPGP;0
2023-08-16 14:09:57;200;714863;ONB;0
2023-08-16 14:10:07;200;267748;POWI;0
2023-08-16 14:10:19;200;1183808;SHC;0
2023-08-16 14:10:30;200;998693;EXLS;0
2023-08-16 14:10:42;200;1297370;LNTH;0
2023-08-16 14:10:52;200;752026;FOXF;0
2023-08-16 14:11:03;200;750276;CWST;0
2023-08-16 14:11:12;200;426826;ACT;0
2023-08-16 14:11:22;200;500871;RRR;0
2023-08-16 14:11:32;200;605564;COLM;0
2023-08-16 14:11:43;200;789113;OLLI;0
2023-08-16 14:11:53;200;560155;VNOM;0
2023-08-16 14:12:04;200;485253;ACAD;0
2023-08-16 14:12:15;200;1424000;WEN;0
2023-08-16 14:12:25;200;321523;EXPO;0
2023-08-16 14:12:36;200;1402785;AFRM;0
2023-08-16 14:12:46;200;550541;SLAB;0
2023-08-16 14:12:56;200;277465;UBSI;0
2023-08-16 14:13:06;200;480362;BCPC;0
2023-08-16 14:13:16;200;886612;SYNH;0
2023-08-16 14:13:26;200;208465;FFIN;0
2023-08-16 14:13:36;200;426396;CRUS;0
2023-08-16 14:13:49;200;2505461;LYFT;0
2023-08-16 14:14:00;200;1092942;IPAR;0
2023-08-16 14:14:11;200;1464223;NWL;0
2023-08-16 14:14:21;200;472676;FELE;0
2023-08-16 14:14:32;200;966185;ASO;0
2023-08-16 14:14:42;200;243394;COLB;0
2023-08-16 14:14:53;200;461978;SGRY;0
2023-08-16 14:15:03;200;85562;FYBR;0
2023-08-16 14:15:13;200;654673;PCVX;0
2023-08-16 14:15:23;200;241856;OXLCM;0
2023-08-16 14:15:34;200;725583;SRCL;0
2023-08-16 14:15:46;200;596342;FCFS;0
2023-08-16 14:15:56;200;475730;FLNC;0
2023-08-16 14:16:06;200;531453;NTRSO;0
2023-08-16 14:16:17;200;408474;AEIS;0
2023-08-16 14:16:27;200;692817;GH;0
2023-08-16 14:16:38;200;1057301;AVT;0
2023-08-16 14:16:49;200;747756;EEFT;0
2023-08-16 14:16:59;200;152894;RELY;0
2023-08-16 14:17:09;200;235681;PECO;0
2023-08-16 14:17:20;200;1295801;DISH;0
2023-08-16 14:17:30;200;201578;TFSL;0
2023-08-16 14:17:41;200;569785;EXTR;0
2023-08-16 14:17:51;200;187473;OXLCL;0
2023-08-16 14:18:02;200;763629;FOCS;0
2023-08-16 14:18:12;200;468482;NARI;0
2023-08-16 14:18:22;200;53034;BRZE;0
2023-08-16 14:18:32;200;204437;PYCR;0
2023-08-16 14:18:43;200;1042601;BLKB;0
2023-08-16 14:18:54;200;1130260;APLS;0
2023-08-16 14:19:05;200;956707;PEGA;0
2023-08-16 14:19:16;200;1290844;MMSI;0
2023-08-16 14:19:27;200;600070;VC;0
2023-08-16 14:19:38;200;855892;SFM;0
2023-08-16 14:19:48;200;359368;PCH;0
2023-08-16 14:19:58;200;488066;CNXC;0
2023-08-16 14:20:09;200;982589;VSAT;0
2023-08-16 14:20:20;200;971093;FRPT;0
2023-08-16 14:20:30;200;295626;COOP;0
2023-08-16 14:20:41;200;654353;FOLD;0
2023-08-16 14:20:51;200;591564;OTTR;0
2023-08-16 14:21:01;200;77785;ZIONO;0
2023-08-16 14:21:12;200;998784;PENN;0
2023-08-16 14:21:23;200;631404;IMGN;0
2023-08-16 14:21:33;200;246336;CRVL;0
2023-08-16 14:21:44;200;737361;GT;0
2023-08-16 14:21:53;200;2;ZIONL;0
2023-08-16 14:22:04;200;444779;DIOD;0
2023-08-16 14:22:14;200;439612;HWC;0
2023-08-16 14:22:25;200;893270;PGNY;0
2023-08-16 14:22:36;200;985986;SHLS;0
2023-08-16 14:22:47;200;767690;SYNA;0
2023-08-16 14:22:57;200;586959;SMPL;0
2023-08-16 14:23:09;200;1353468;RUN;0
2023-08-16 14:23:19;200;511694;RUSHB;0
2023-08-16 14:23:30;200;482227;IRTC;0
2023-08-16 14:23:41;200;693806;IART;0
2023-08-16 14:23:52;200;623787;APPN;0
2023-08-16 14:24:03;200;972892;ARRY;0
2023-08-16 14:24:14;200;532473;FTAI;0
2023-08-16 14:24:24;200;668092;LITE;0
2023-08-16 14:24:36;200;999340;EXPI;0
2023-08-16 14:24:47;200;484538;CERE;0
2023-08-16 14:24:56;200;2;DHCNL;0
2023-08-16 14:25:08;200;414619;CCOI;0
2023-08-16 14:25:19;200;557021;UCBI;0
2023-08-16 14:25:29;200;444818;ICUI;0
2023-08-16 14:25:41;200;1285864;NTLA;0
2023-08-16 14:25:51;200;520016;RUSHA;0
2023-08-16 14:26:03;200;355734;FLYW;0
2023-08-16 14:26:15;200;1703700;AXSM;0
2023-08-16 14:26:26;200;1200687;URBN;0
2023-08-16 14:26:37;200;321414;AZTA;0
2023-08-16 14:26:47;200;468375;KRYS;0
2023-08-16 14:26:58;200;652936;DNLI;0
2023-08-16 14:27:09;200;682490;VRNS;0
2023-08-16 14:27:20;200;1116197;PDCO;0
2023-08-16 14:27:31;200;485911;SLM;0
2023-08-16 14:27:42;200;705815;GO;0
2023-08-16 14:27:53;200;349406;VICR;0
2023-08-16 14:28:04;200;463279;LOPE;0
2023-08-16 14:28:15;200;312457;UMBF;0
2023-08-16 14:28:26;200;333650;PRTA;0
2023-08-16 14:28:37;200;601929;RVMD;0
2023-08-16 14:28:48;200;404541;VRRM;0
2023-08-16 14:28:59;200;516806;JJSF;0
2023-08-16 14:29:11;200;434526;STEP;0
2023-08-16 14:29:22;200;379841;LBRDP;0
2023-08-16 14:29:33;200;536582;ITRI;0
2023-08-16 14:29:45;200;212720;BANF;0
2023-08-16 14:29:56;200;504906;INSM;0
2023-08-16 14:30:09;200;622883;BHF;0
2023-08-16 14:30:20;200;532083;MDGL;0
2023-08-16 14:30:32;200;657704;CORT;0
2023-08-16 14:30:44;200;686529;BL;0
2023-08-16 14:30:55;200;577272;NWE;0
2023-08-16 14:31:07;200;543717;PINC;0
2023-08-16 14:31:18;200;226548;PRVA;0
2023-08-16 14:31:30;200;825603;LGIH;0
2023-08-16 14:31:41;200;370671;SANM;0
2023-08-16 14:31:52;200;227913;ZD;0
2023-08-16 14:32:04;200;619800;ARWR;0
2023-08-16 14:32:15;200;527097;PTCT;0
2023-08-16 14:32:26;200;572383;PAGP;0
2023-08-16 14:32:37;200;785176;BPMC;0
2023-08-16 14:32:49;200;821363;PTEN;0
2023-08-16 14:33:00;200;398077;TWNK;0
2023-08-16 14:33:11;200;419078;CVLT;0
2023-08-16 14:33:24;200;1268630;CYTK;0
2023-08-16 14:33:35;200;662328;RPD;0
2023-08-16 14:33:47;200;778309;VIRT;0
2023-08-16 14:33:58;200;283133;AXNX;0
2023-08-16 14:34:10;200;159952;RKLB;0
2023-08-16 14:34:22;200;615728;LFST;0
2023-08-16 14:34:36;200;790007;AMED;0
2023-08-16 14:34:48;200;802044;TCBI;0
2023-08-16 14:34:59;200;312998;WDFC;0
2023-08-16 14:35:10;200;205002;MQ;0
2023-08-16 14:35:23;200;851728;OMCL;0
2023-08-16 14:35:35;200;490174;GDRX;0
2023-08-16 14:35:46;200;243006;ABCB;0
2023-08-16 14:35:57;200;2;HTZWW;0
2023-08-16 14:36:08;200;324925;ZIONP;0
2023-08-16 14:36:20;200;852946;VERX;0
2023-08-16 14:36:32;200;375012;FIBK;0
2023-08-16 14:36:43;200;393118;SITM;0
2023-08-16 14:36:57;200;1842962;UPST;0
2023-08-16 14:37:09;200;398157;CSWI;0
2023-08-16 14:37:21;200;449831;SBRA;0
2023-08-16 14:37:33;200;551741;PACB;0
2023-08-16 14:37:45;200;103575;LTRPB;0
2023-08-16 14:37:57;200;493534;ALRM;0
2023-08-16 14:38:10;200;936370;AMBA;0
2023-08-16 14:38:22;200;539866;BRP;0
2023-08-16 14:38:35;200;77738;IBOC;0
2023-08-16 14:38:47;200;779491;WERN;0
2023-08-16 14:39:00;200;851527;NCNO;0
2023-08-16 14:39:12;200;777300;POWWP;0
2023-08-16 14:39:24;200;337614;SCPL;0
2023-08-16 14:39:37;200;981995;WIRE;0
2023-08-16 14:39:49;200;353574;FTDR;0
2023-08-16 14:40:01;200;375793;IMVT;0
2023-08-16 14:40:13;200;354910;FROG;0
2023-08-16 14:40:24;200;14621;RTLPP;0
2023-08-16 14:40:36;200;650086;CERT;0
2023-08-16 14:40:51;200;2329513;PTON;0
2023-08-16 14:41:03;200;838832;MGPI;0
2023-08-16 14:41:16;200;1516683;RIOT;0
2023-08-16 14:41:29;200;725245;RARE;0
2023-08-16 14:41:42;200;219012;MGEE;0
2023-08-16 14:41:55;200;547801;HUBG;0
2023-08-16 14:42:07;200;559690;DORM;0
2023-08-16 14:42:20;200;762261;PZZA;0
2023-08-16 14:42:33;200;515315;IOSP;0
2023-08-16 14:42:46;200;549920;PLXS;0
2023-08-16 14:42:59;200;474361;AMPH;0
2023-08-16 14:43:11;200;675820;SDGR;0
2023-08-16 14:43:23;200;337844;CATY;0
2023-08-16 14:43:35;200;577729;AKRO;0
2023-08-16 14:43:47;200;669819;WSFS;0
2023-08-16 14:43:59;200;471724;SHOO;0
2023-08-16 14:44:12;200;905836;PRGS;0
2023-08-16 14:44:25;200;1550976;MARA;0
2023-08-16 14:44:38;200;717978;MORF;0
2023-08-16 14:44:50;200;749337;CVBF;0
2023-08-16 14:45:04;200;628684;SPT;0
2023-08-16 14:45:16;200;572192;ACIW;0
2023-08-16 14:45:28;200;253799;ACVA;0
2023-08-16 14:45:41;200;963500;ENVX;0
2023-08-16 14:45:53;200;289181;EBC;0
2023-08-16 14:46:05;200;774855;PSEC;0
2023-08-16 14:46:17;200;495685;DRVN;0
2023-08-16 14:46:30;200;1031212;ARLP;0
2023-08-16 14:46:43;200;1195135;ARCB;0
2023-08-16 14:46:57;200;720366;CVCO;0
2023-08-16 14:47:08;200;2;BGC;0
2023-08-16 14:47:21;200;621712;MRVI;0
2023-08-16 14:47:34;200;520178;FHB;0
2023-08-16 14:47:46;200;394672;GBDC;0
2023-08-16 14:47:58;200;230514;UCBIO;0
2023-08-16 14:48:10;200;372941;INDB;0
2023-08-16 14:48:24;200;720419;LAZR;0
2023-08-16 14:48:36;200;282426;MGRC;0
2023-08-16 14:48:49;200;293963;STRL;0
2023-08-16 14:49:02;200;450199;FORM;0
2023-08-16 14:49:14;200;199894;FTAIO;0
2023-08-16 14:49:27;200;756679;ICFI;0
2023-08-16 14:49:40;200;293302;ATRC;0
2023-08-16 14:49:52;200;694073;NMIH;0
2023-08-16 14:50:05;200;13943;NUVL;0
2023-08-16 14:50:17;200;199894;FTAIP;0
2023-08-16 14:50:30;200;701407;MYRG;0
2023-08-16 14:50:43;200;831082;AVAV;0
2023-08-16 14:50:56;200;577626;CENT;0
2023-08-16 14:51:08;200;248449;PSMT;0
2023-08-16 14:51:21;200;387479;XRX;0
2023-08-16 14:51:34;200;472922;SFNC;0
2023-08-16 14:51:47;200;549124;GSHD;0
2023-08-16 14:51:59;200;181410;LZ;0
2023-08-16 14:52:13;200;697158;BMBL;0
2023-08-16 14:52:27;200;581579;MRTX;0
2023-08-16 14:52:40;200;116273;XPEL;0
2023-08-16 14:52:54;200;224031;PPBI;0
2023-08-16 14:53:07;200;540147;VIAV;0
2023-08-16 14:53:22;200;1753077;OPEN;0
2023-08-16 14:53:35;200;573830;VRNT;0
2023-08-16 14:53:48;200;233337;SOVO;0
2023-08-16 14:54:00;200;2;JSM;0
2023-08-16 14:54:14;200;965053;FBIOP;0
2023-08-16 14:54:29;200;690000;CALM;0
2023-08-16 14:54:42;200;391151;LAUR;0
2023-08-16 14:54:55;200;451740;FULT;0
2023-08-16 14:55:08;200;251023;INTA;0
2023-08-16 14:55:20;200;10000;PCTTU;0
2023-08-16 14:55:34;200;565462;CENTA;0
2023-08-16 14:55:47;200;182423;FA;0
2023-08-16 14:56:01;200;1403033;IDCC;0
2023-08-16 14:56:15;200;166641;CRCT;0
2023-08-16 14:56:28;200;857837;JAMF;0
2023-08-16 14:56:41;200;87150;IAS;0
2023-08-16 14:56:58;200;3288916;JBLU;0
2023-08-16 14:57:12;200;356376;ROCK;0
2023-08-16 14:57:26;200;757440;TRIP;0
2023-08-16 14:57:39;200;136233;CRDO;0
2023-08-16 14:57:53;200;443415;BLMN;0
2023-08-16 14:58:07;200;414320;VCTR;0
2023-08-16 14:58:21;200;167135;DNUT;0
2023-08-16 14:58:35;200;811139;WOOF;0
2023-08-16 14:58:49;200;587422;NAVI;0
2023-08-16 14:59:03;200;717453;RDNT;0
2023-08-16 14:59:16;200;554063;PRFT;0
2023-08-16 14:59:29;200;2;HTIBP;0
2023-08-16 14:59:43;200;732508;NUVA;0
2023-08-16 14:59:57;200;341974;FFBC;0
2023-08-16 15:00:11;200;219571;AVDX;0
2023-08-16 15:00:24;200;147924;PAYO;0
2023-08-16 15:00:38;200;417579;STAA;0
2023-08-16 15:00:53;200;1352637;KTOS;0
2023-08-16 15:01:07;200;941949;CARG;0
2023-08-16 15:01:21;200;656651;TBBK;0
2023-08-16 15:01:35;200;335365;TMDX;0
2023-08-16 15:01:50;200;1283847;MRCY;0
2023-08-16 15:02:03;200;227958;NYMTM;0
2023-08-16 15:02:16;200;2;HWCPZ;0
2023-08-16 15:02:30;200;536143;THRM;0
2023-08-16 15:02:44;200;346332;NTCT;0
2023-08-16 15:02:58;200;424595;SNEX;0
2023-08-16 15:03:12;200;218832;RXRX;0
2023-08-16 15:03:25;200;168732;EVCM;0
2023-08-16 15:03:40;200;813794;BEAM;0
2023-08-16 15:03:54;200;492271;ZNTL;0
2023-08-16 15:04:08;200;803785;SBCF;0
2023-08-16 15:04:22;200;345235;OSIS;0
2023-08-16 15:04:37;200;501626;SATS;0
2023-08-16 15:04:51;200;458740;WAFD;0
2023-08-16 15:05:05;200;572955;HRMY;0
2023-08-16 15:05:18;200;2;HTIA;0
2023-08-16 15:05:33;200;556777;GPRE;0
2023-08-16 15:05:47;200;391708;LILA;0
2023-08-16 15:06:02;200;1130858;CBRL;0
2023-08-16 15:06:16;200;516234;NYMTN;0
2023-08-16 15:06:30;200;698557;HURN;0
2023-08-16 15:06:44;200;390683;LILAK;0
2023-08-16 15:06:59;200;1095870;ALGT;0
2023-08-16 15:07:13;200;166959;VTYX;0
2023-08-16 15:07:27;200;379758;HPK;0
2023-08-16 15:07:41;200;394343;AHCO;0
2023-08-16 15:07:55;200;482815;FWRD;0
2023-08-16 15:08:10;200;520405;FRME;0
2023-08-16 15:08:24;200;563506;TNDM;0
2023-08-16 15:08:39;200;561599;TOWN;0
2023-08-16 15:08:53;200;506562;CLBK;0
2023-08-16 15:09:07;200;652320;UPWK;0
2023-08-16 15:09:23;200;394148;ROAD;0
2023-08-16 15:09:37;200;196335;HLMN;0
2023-08-16 15:09:52;200;370439;AMEH;0
2023-08-16 15:10:08;200;564190;VCYT;0
2023-08-16 15:10:23;200;1092823;DVAX;0
2023-08-16 15:10:38;200;367330;MRTN;0
2023-08-16 15:10:52;200;714337;ODP;0
2023-08-16 15:11:07;200;583291;PATK;0
2023-08-16 15:11:21;200;705682;SWTX;0
2023-08-16 15:11:37;200;945694;SABR;0
2023-08-16 15:11:51;200;262979;IBTX;0
2023-08-16 15:12:06;200;554206;AGYS;0
2023-08-16 15:12:20;200;345023;ROIC;0
2023-08-16 15:12:34;200;305459;STRA;0
2023-08-16 15:12:49;200;266838;ATEC;0
2023-08-16 15:13:04;200;630547;SONO;0
2023-08-16 15:13:18;200;67689;PCT;0
2023-08-16 15:13:33;200;637959;MXL;0
2023-08-16 15:13:48;200;912995;NEO;0
2023-08-16 15:14:03;200;898182;VIR;0
2023-08-16 15:14:18;200;442854;SKYW;0
2023-08-16 15:14:33;200;841516;PLAY;0
2023-08-16 15:14:47;200;294994;COHU;0
2023-08-16 15:15:05;200;821882;IOVA;0
2023-08-16 15:15:20;200;632027;HEES;0
2023-08-16 15:15:35;200;516155;PLUS;0
2023-08-16 15:15:50;200;595953;CAKE;0
2023-08-16 15:16:05;200;443508;CSGS;0
2023-08-16 15:16:19;200;91539;UPBD;0
2023-08-16 15:16:34;200;557276;ANDE;0
2023-08-16 15:16:48;200;2;SNCRL;0
2023-08-16 15:17:03;200;799518;OLPX;0
2023-08-16 15:17:18;200;536841;RNST;0
2023-08-16 15:17:32;200;453803;VECO;0
2023-08-16 15:17:47;200;442239;SUPN;0
2023-08-16 15:18:03;200;588503;RVNC;0
2023-08-16 15:18:17;200;185207;PNFPP;0
2023-08-16 15:18:33;200;1083504;PCRX;0
2023-08-16 15:18:47;200;227958;NYMTL;0
2023-08-16 15:19:03;200;905602;JACK;0
2023-08-16 15:19:18;200;727025;ARHS;0
2023-08-16 15:19:34;200;1427716;TGTX;0
2023-08-16 15:19:49;200;352452;UDMY;0
2023-08-16 15:20:06;200;404285;GOGO;0
2023-08-16 15:20:20;200;518654;PI;0
2023-08-16 15:20:35;200;125159;NWLI;0
2023-08-16 15:20:50;200;578477;NVEE;0
2023-08-16 15:21:06;200;1186707;SMTC;0
2023-08-16 15:21:21;200;569150;CRSR;0
2023-08-16 15:21:36;200;69886;ACLX;0
2023-08-16 15:21:51;200;506361;WSBC;0
2023-08-16 15:22:06;200;559277;RILY;0
2023-08-16 15:22:20;200;93049;TFIN;0
2023-08-16 15:22:36;200;795128;ULCC;0
2023-08-16 15:22:51;200;712398;BANR;0
2023-08-16 15:23:06;200;615869;NBTB;0
2023-08-16 15:23:21;200;639287;ATSG;0
2023-08-16 15:23:36;200;61065;TWKS;0
2023-08-16 15:23:50;200;227958;NYMTZ;0
2023-08-16 15:24:06;200;941572;CPRX;0
2023-08-16 15:24:21;200;133844;IMKTA;0
2023-08-16 15:24:36;200;463850;IRWD;0
2023-08-16 15:24:51;200;459020;BHFAO;0
2023-08-16 15:25:06;200;296955;COCO;0
2023-08-16 15:25:21;200;353321;ERII;0
2023-08-16 15:25:36;200;635553;ADUS;0
2023-08-16 15:25:51;200;658522;OCSL;0
2023-08-16 15:26:06;200;344288;TRMK;0
2023-08-16 15:26:21;200;924698;AGIO;0
2023-08-16 15:26:36;200;349284;VCEL;0
2023-08-16 15:26:50;200;2;BHFAL;0
2023-08-16 15:27:05;200;428244;EFSC;0
2023-08-16 15:27:21;200;678905;PTVE;0
2023-08-16 15:27:36;200;769329;GERN;0
2023-08-16 15:27:51;200;377794;GCMG;0
2023-08-16 15:28:06;200;148973;MLKN;0
2023-08-16 15:28:21;200;495840;TTMI;0
2023-08-16 15:28:36;200;196401;UCTT;0
2023-08-16 15:28:51;200;298834;NWBI;0
2023-08-16 15:29:07;200;1777381;RYTM;0
2023-08-16 15:29:23;200;1010700;EYE;0
2023-08-16 15:29:38;200;331346;RADI;0
2023-08-16 15:29:53;200;412390;MDRX;0
2023-08-16 15:30:10;200;523892;NVTS;0
2023-08-16 15:30:26;200;249738;SEAT;0
2023-08-16 15:30:41;200;216545;PRCT;0
2023-08-16 15:30:57;200;433055;VKTX;0
2023-08-16 15:31:12;200;446015;CLDX;0
2023-08-16 15:31:27;200;1052674;MYGN;0
2023-08-16 15:31:43;200;688585;TH;0
2023-08-16 15:31:58;200;600977;BHFAP;0
2023-08-16 15:32:12;200;131417;ALKT;0
2023-08-16 15:32:27;200;613579;VRTS;0
2023-08-16 15:32:42;200;373545;WTFCP;0
2023-08-16 15:32:57;200;606555;PLAB;0
2023-08-16 15:33:13;200;438066;MSEX;0
2023-08-16 15:33:29;200;671746;OSTK;0
2023-08-16 15:33:44;200;448977;SCHL;0
2023-08-16 15:33:59;200;478176;IDYA;0
2023-08-16 15:34:16;200;1213193;SPWR;0
2023-08-16 15:34:31;200;538937;SYBT;0
2023-08-16 15:34:46;200;246135;CHCO;0
2023-08-16 15:35:01;200;437598;SVC;0
2023-08-16 15:35:16;200;555511;LKFN;0
2023-08-16 15:35:33;200;1932922;NKLA;0
2023-08-16 15:35:48;200;255761;CSSEN;0
2023-08-16 15:36:04;200;482858;MNKD;0
2023-08-16 15:36:19;200;68076;AMLX;0
2023-08-16 15:36:34;200;356045;XNCR;0
2023-08-16 15:36:49;200;151758;OCFCP;0
2023-08-16 15:37:04;200;299520;IESC;0
2023-08-16 15:37:19;200;448200;NSSC;0
2023-08-16 15:37:34;200;652893;WTFCM;0
2023-08-16 15:37:49;200;478586;TTEC;0
2023-08-16 15:38:05;200;583218;SMMT;0
2023-08-16 15:38:20;200;176244;WSBCP;0
2023-08-16 15:38:35;200;646634;PLMR;0
2023-08-16 15:38:50;200;456991;RLAY;0
2023-08-16 15:39:06;200;489497;PDFS;0
2023-08-16 15:39:20;200;54090;AMPL;0
2023-08-16 15:39:36;200;969051;BCRX;0
2023-08-16 15:39:52;200;437667;OPK;0
2023-08-16 15:40:07;200;478481;MNTK;0
2023-08-16 15:40:22;200;2;METCL;0
2023-08-16 15:40:37;200;321013;CNXN;0
2023-08-16 15:40:52;200;692823;HTLF;0
2023-08-16 15:41:08;200;751075;UNIT;0
2023-08-16 15:41:23;200;485292;RCKT;0
2023-08-16 15:41:38;200;484644;ARVN;0
2023-08-16 15:41:53;200;330648;MBIN;0
2023-08-16 15:42:09;200;440572;LESL;0
2023-08-16 15:42:24;200;557656;MATW;0
2023-08-16 15:42:41;200;411474;EVGO;0
2023-08-16 15:42:56;200;133064;LNZA;0
2023-08-16 15:43:11;200;409931;MCRI;0
2023-08-16 15:43:27;200;255992;STER;0
2023-08-16 15:43:42;200;514829;CLMT;0
2023-08-16 15:43:57;200;110670;WINA;0
2023-08-16 15:44:13;200;368325;AEHR;0
2023-08-16 15:44:29;200;518085;NMRK;0
2023-08-16 15:44:44;200;484392;SAGE;0
2023-08-16 15:45:00;200;507667;SNDX;0
2023-08-16 15:45:16;200;254434;UFPT;0
2023-08-16 15:45:32;200;357211;NMFC;0
2023-08-16 15:45:47;200;362512;CASH;0
2023-08-16 15:46:03;200;262729;ALHC;0
2023-08-16 15:46:18;200;287307;ANGI;0
2023-08-16 15:46:35;200;1121983;TWST;0
2023-08-16 15:46:50;200;421378;LMAT;0
2023-08-16 15:47:06;200;344678;WABC;0
2023-08-16 15:47:21;200;215902;TCBK;0
2023-08-16 15:47:36;200;397510;AMWD;0
2023-08-16 15:47:52;200;416424;ANIP;0
2023-08-16 15:48:07;200;497254;KALU;0
2023-08-16 15:48:23;200;491096;ETNB;0
2023-08-16 15:48:40;200;568192;KFRC;0
2023-08-16 15:48:56;200;589073;HTLD;0
2023-08-16 15:49:10;200;118302;INDI;0
2023-08-16 15:49:25;200;147979;USLM;0
2023-08-16 15:49:39;200;366860;HOPE;0
2023-08-16 15:49:54;200;218870;CTKB;0
2023-08-16 15:50:09;200;235467;JBSS;0
2023-08-16 15:50:24;200;497692;SGH;0
2023-08-16 15:50:39;200;458910;DCPH;0
2023-08-16 15:50:55;200;696028;TRUP;0
2023-08-16 15:51:12;200;839020;HLIT;0
2023-08-16 15:51:28;200;104901;IRON;0
2023-08-16 15:51:43;200;15700;DSGR;0
2023-08-16 15:51:59;200;442447;KNSA;0
2023-08-16 15:52:14;200;30934;EVLV;0
2023-08-16 15:52:30;200;584731;ASTE;0
2023-08-16 15:52:45;200;521752;CBAY;0
2023-08-16 15:53:00;200;465799;ECPG;0
2023-08-16 15:53:15;200;233061;EMBC;0
2023-08-16 15:53:30;200;724770;CHEF;0
2023-08-16 15:53:46;200;930252;MGNI;0
2023-08-16 15:54:01;200;382816;HWKN;0
2023-08-16 15:54:16;200;218203;DAWN;0
2023-08-16 15:54:32;200;918280;AVID;0
2023-08-16 15:54:48;200;933743;TVTX;0
2023-08-16 15:55:04;200;566454;BUSE;0
2023-08-16 15:55:20;200;486927;STBA;0
2023-08-16 15:55:37;200;876786;LGND;0
2023-08-16 15:55:53;200;741354;MBUU;0
2023-08-16 15:56:08;200;389401;REPL;0
2023-08-16 15:56:24;200;335967;AVPT;0
2023-08-16 15:56:44;200;2387865;RDFN;0
2023-08-16 15:56:59;200;249536;DH;0
2023-08-16 15:57:14;200;237770;SRCE;0
2023-08-16 15:57:30;200;457963;SHEN;0
2023-08-16 15:57:45;200;365077;ROVR;0
2023-08-16 15:58:01;200;101122;DMLP;0
2023-08-16 15:58:16;200;570772;VBTX;0
2023-08-16 15:58:33;200;587456;NXGN;0
2023-08-16 15:58:48;200;213812;EWCZ;0
2023-08-16 15:59:03;200;344010;GDEN;0
2023-08-16 15:59:18;200;603944;APOG;0
2023-08-16 15:59:34;200;795208;KYMR;0
2023-08-16 15:59:48;200;185239;BHFAN;0
2023-08-16 16:00:07;200;537779;HCCI;0
2023-08-16 16:00:22;200;622817;DGII;0
2023-08-16 16:00:37;200;244294;PTGX;0
2023-08-16 16:00:51;200;122853;EQRX;0
2023-08-16 16:01:06;200;361176;VERV;0
2023-08-16 16:01:20;200;110182;PRDO;0
2023-08-16 16:01:35;200;288248;MNRO;0
2023-08-16 16:01:50;200;395906;TRS;0
2023-08-16 16:02:06;200;751288;PLRX;0
2023-08-16 16:02:21;200;715166;OCFC;0
2023-08-16 16:02:36;200;621322;CRNC;0
2023-08-16 16:02:51;200;326681;CMCO;0
2023-08-16 16:03:06;200;949670;HAIN;0
2023-08-16 16:03:21;200;258069;ADEA;0
2023-08-16 16:03:37;200;640009;SASR;0
2023-08-16 16:03:53;200;732317;SANA;0
2023-08-16 16:04:07;200;8895;DCGO;0
2023-08-16 16:04:22;200;196099;TMCI;0
2023-08-16 16:04:37;200;122582;RXST;0
2023-08-16 16:04:52;200;321042;PTLO;0
2023-08-16 16:05:07;200;384818;KROS;0
2023-08-16 16:05:24;200;910444;FRG;0
2023-08-16 16:05:40;200;214262;NRC;0
2023-08-16 16:05:55;200;131522;SAFT;0
2023-08-16 16:06:12;200;479409;ACCD;0
2023-08-16 16:06:27;200;431407;KRUS;0
2023-08-16 16:06:43;200;721848;ADMA;0
2023-08-16 16:06:59;200;333999;COGT;0
2023-08-16 16:07:14;200;326059;MBINP;0
2023-08-16 16:07:31;200;540641;IRBT;0
2023-08-16 16:07:47;200;1215353;SSYS;0
2023-08-16 16:08:03;200;317900;AMSF;0
2023-08-16 16:08:19;200;776373;CLSK;0
2023-08-16 16:08:35;200;1051808;FLGT;0
2023-08-16 16:08:51;200;453640;LPRO;0
2023-08-16 16:09:06;200;458323;HTLFP;0
2023-08-16 16:09:22;200;299870;ICHR;0
2023-08-16 16:09:37;200;605599;MIRM;0
2023-08-16 16:09:54;200;1923642;PACW;0
2023-08-16 16:10:11;200;264094;TASK;0
2023-08-16 16:10:26;200;118681;RTL;0
2023-08-16 16:10:41;200;622791;ARKO;0
2023-08-16 16:10:56;200;640133;SBSI;0
2023-08-16 16:11:11;200;2;AUROW;0
2023-08-16 16:11:26;200;639131;PEBO;0
2023-08-16 16:11:42;200;185239;BHFAM;0
2023-08-16 16:11:57;200;901910;INFN;0
2023-08-16 16:12:13;200;426561;SLP;0
2023-08-16 16:12:28;200;290292;POWL;0
2023-08-16 16:12:44;200;352824;FBMS;0
2023-08-16 16:12:59;200;223247;HCSG;0
2023-08-16 16:13:14;200;306390;QTRX;0
2023-08-16 16:13:30;200;898204;GIII;0
2023-08-16 16:13:45;200;593058;LBAI;0
2023-08-16 16:14:00;200;169859;WEST;0
2023-08-16 16:14:15;200;241856;OXLC;0
2023-08-16 16:14:30;200;190261;CIFR;0
2023-08-16 16:14:45;200;246790;PWP;0
2023-08-16 16:15:01;200;513564;CLNE;0
2023-08-16 16:15:17;200;2;ALTI;0
2023-08-16 16:15:33;200;780482;EVBG;0
2023-08-16 16:15:48;200;437265;CRNX;0
2023-08-16 16:16:04;200;1016206;APPS;0
2023-08-16 16:16:20;200;452783;PFBC;0
2023-08-16 16:16:35;200;122535;ATRI;0
2023-08-16 16:16:52;200;808257;SBGI;0
2023-08-16 16:17:08;200;618381;BRKL;0
2023-08-16 16:17:23;200;362388;PNT;0
2023-08-16 16:17:39;200;511962;KIDS;0
2023-08-16 16:17:55;200;650188;ADPT;0
2023-08-16 16:18:11;200;329655;IBCP;0
2023-08-16 16:18:26;200;242193;WRLD;0
2023-08-16 16:18:42;200;272071;RBCAA;0
2023-08-16 16:18:57;200;109617;MFIC;0
2023-08-16 16:19:13;200;562471;DCOM;0
2023-08-16 16:19:28;200;665864;SNCY;0
2023-08-16 16:19:43;200;454204;ADV;0
2023-08-16 16:19:58;200;114813;ASTS;0
2023-08-16 16:20:15;200;625511;CSWC;0
2023-08-16 16:20:30;200;415134;SCHN;0
2023-08-16 16:20:46;200;516783;GABC;0
2023-08-16 16:21:02;200;573292;QCRH;0
2023-08-16 16:21:18;200;432662;INVA;0
2023-08-16 16:21:34;200;566997;FRGAP;0
2023-08-16 16:21:49;200;547119;PHAT;0
2023-08-16 16:22:06;200;813273;PLL;0
2023-08-16 16:22:22;200;86587;SKIN;0
2023-08-16 16:22:38;200;568127;KURA;0
2023-08-16 16:22:54;200;747787;MDXG;0
2023-08-16 16:23:10;200;313766;VRDN;0
2023-08-16 16:23:27;200;723120;ARDX;0
2023-08-16 16:23:43;200;555688;GDYN;0
2023-08-16 16:23:59;200;194917;BFC;0
2023-08-16 16:24:15;200;367572;RPAY;0
2023-08-16 16:24:30;200;393997;SIBN;0
2023-08-16 16:24:45;200;2;HROWL;0
2023-08-16 16:25:01;200;288025;THRY;0
2023-08-16 16:25:16;200;351110;CFFN;0
2023-08-16 16:25:32;200;228159;IBRX;0
2023-08-16 16:25:49;200;1188425;CCRN;0
2023-08-16 16:26:07;200;341700;LANDM;0
2023-08-16 16:26:23;200;132182;OFLX;0
2023-08-16 16:26:39;200;953070;AMRK;0
2023-08-16 16:26:54;200;323194;VREX;0
2023-08-16 16:27:11;200;356069;SLRC;0
2023-08-16 16:27:27;200;819494;BIGC;0
2023-08-16 16:27:43;200;175247;NEXT;0
2023-08-16 16:28:01;200;1832246;BYND;0
2023-08-16 16:28:17;200;707973;ACMR;0
2023-08-16 16:28:33;200;371427;VSEC;0
2023-08-16 16:28:50;200;272700;TTGT;0
2023-08-16 16:29:07;200;578620;AVO;0
2023-08-16 16:29:24;200;795457;NYMT;0
2023-08-16 16:29:41;200;707527;COLL;0
2023-08-16 16:29:57;200;899198;WW;0
2023-08-16 16:30:14;200;696840;SP;0
2023-08-16 16:30:30;200;609899;MTTR;0
2023-08-16 16:30:46;200;326232;RAPT;0
2023-08-16 16:31:02;200;246010;LWLG;0
2023-08-16 16:31:18;200;888294;OM;0
2023-08-16 16:31:34;200;519328;RGNX;0
2023-08-16 16:31:51;200;474369;CNOB;0
2023-08-16 16:32:07;200;270539;AVTA;0
2023-08-16 16:32:23;200;654817;ULH;0
2023-08-16 16:32:39;200;787143;SPTN;0
2023-08-16 16:32:55;200;590855;CDMO;0
2023-08-16 16:33:11;200;359212;GOODN;0
2023-08-16 16:33:27;200;647616;BJRI;0
2023-08-16 16:33:43;200;190214;VERA;0
2023-08-16 16:33:59;200;187276;SNPO;0
2023-08-16 16:34:15;200;157894;PLPC;0
2023-08-16 16:34:31;200;471429;SSP;0
2023-08-16 16:34:48;200;673014;COMM;0
2023-08-16 16:35:04;200;325233;PRAA;0
2023-08-16 16:35:20;200;467801;INNV;0
2023-08-16 16:35:37;200;705273;EGBN;0
2023-08-16 16:35:53;200;323608;SILK;0
2023-08-16 16:36:08;200;336173;IIIV;0
2023-08-16 16:36:24;200;140923;CGBD;0
2023-08-16 16:36:41;200;644421;SAVA;0
2023-08-16 16:36:56;200;38053;ELVN;0
2023-08-16 16:37:12;200;387403;APLD;0
2023-08-16 16:37:28;200;341751;XMTR;0
2023-08-16 16:37:45;200;1054155;FCEL;0
2023-08-16 16:38:01;200;198504;PFC;0
2023-08-16 16:38:17;200;855933;RMR;0
2023-08-16 16:38:34;200;547219;CLOV;0
2023-08-16 16:38:50;200;346396;MLAB;0
2023-08-16 16:39:07;200;634871;AVXL;0
2023-08-16 16:39:24;200;923592;CRAI;0
2023-08-16 16:39:40;200;576044;CENX;0
2023-08-16 16:39:56;200;305171;TRNS;0
2023-08-16 16:40:12;200;215024;TCPC;0
2023-08-16 16:40:28;200;2;GOODO;0
2023-08-16 16:40:44;200;594606;HCAT;0
2023-08-16 16:41:01;200;181702;RILYL;0
2023-08-16 16:41:16;200;2;RILYM;0
2023-08-16 16:41:33;200;479614;CRMT;0
2023-08-16 16:41:49;200;322863;DHC;0
2023-08-16 16:42:05;200;40531;BASE;0
2023-08-16 16:42:20;200;65297;NRDS;0
2023-08-16 16:42:37;200;1131285;CNDT;0
2023-08-16 16:42:53;200;87260;DWACU;0
2023-08-16 16:43:09;200;530965;PRTC;0
2023-08-16 16:43:27;200;852783;EDIT;0
2023-08-16 16:43:43;200;315688;SCSC;0
2023-08-16 16:43:59;200;625914;FDMT;0
2023-08-16 16:44:15;200;237391;DMRC;0
2023-08-16 16:44:31;200;170372;INBX;0
2023-08-16 16:44:47;200;202550;LANDO;0
2023-08-16 16:45:03;200;51744;LUNR;0
2023-08-16 16:45:19;200;514798;OSBC;0
2023-08-16 16:45:36;200;790959;CHUY;0
2023-08-16 16:45:54;200;1263953;ALLO;0
2023-08-16 16:46:10;200;589021;CVLG;0
2023-08-16 16:46:26;200;428142;SCVL;0
2023-08-16 16:46:42;200;246982;CTBI;0
2023-08-16 16:46:57;200;208933;KE;0
2023-08-16 16:47:17;200;2558975;NVAX;0
2023-08-16 16:47:33;200;450309;BLBD;0
2023-08-16 16:47:51;200;408754;LFMDP;0
2023-08-16 16:48:08;200;1055187;PUBM;0
2023-08-16 16:48:24;200;309142;HSTM;0
2023-08-16 16:48:41;200;214927;VMEO;0
2023-08-16 16:48:57;200;463272;DYN;0
2023-08-16 16:49:13;200;313672;BMEA;0
2023-08-16 16:49:29;200;140028;MVST;0
2023-08-16 16:49:46;200;845846;AMTB;0
2023-08-16 16:50:05;200;1065633;TITN;0
2023-08-16 16:50:20;200;2;TYRA;0
2023-08-16 16:50:36;200;283587;CYRX;0
2023-08-16 16:50:53;200;133802;SPRY;0
2023-08-16 16:51:09;200;446363;HCKT;0
2023-08-16 16:51:25;200;2;RILYN;0
2023-08-16 16:51:42;200;422517;RILYP;0
2023-08-16 16:51:58;200;444438;RNA;0
2023-08-16 16:52:14;200;46585;STCN;0
2023-08-16 16:52:30;200;225213;ATEX;0
2023-08-16 16:52:47;200;627157;CVGW;0
2023-08-16 16:53:03;200;317266;DWAC;0
2023-08-16 16:53:20;200;279014;HFWA;0
2023-08-16 16:53:37;200;586370;BBSI;0
2023-08-16 16:53:53;200;354599;ME;0
2023-08-16 16:54:09;200;346025;DCOMP;0
2023-08-16 16:54:26;200;777664;GSBC;0
2023-08-16 16:54:44;200;627186;ADTN;0
2023-08-16 16:55:00;200;322639;ALPN;0
2023-08-16 16:55:18;200;612993;BELFB;0
2023-08-16 16:55:35;200;709644;RICK;0
2023-08-16 16:55:52;200;331160;CCAP;0
2023-08-16 16:56:08;200;377952;SNBR;0
2023-08-16 16:56:25;200;291000;ALEC;0
2023-08-16 16:56:42;200;597950;IMXI;0
2023-08-16 16:56:59;200;549118;HBT;0
2023-08-16 16:57:16;200;80778;CCSI;0
2023-08-16 16:57:32;200;137102;BLTE;0
2023-08-16 16:57:49;200;471108;HAYN;0
2023-08-16 16:58:05;200;221134;TNGX;0
2023-08-16 16:58:21;200;278775;RILYG;0
2023-08-16 16:58:36;200;2;RILYT;0
2023-08-16 16:58:53;200;243225;NCMI;0
2023-08-16 16:59:10;200;384864;IRMD;0
2023-08-16 16:59:28;200;549145;DOMO;0
2023-08-16 16:59:45;200;356661;PAHC;0
2023-08-16 17:00:10;200;1057846;CLFD;0
2023-08-16 17:00:27;200;276930;FCBC;0
2023-08-16 17:00:45;200;588329;GPRO;0
2023-08-16 17:01:03;200;586402;BRY;0
2023-08-16 17:01:20;200;464090;FORR;0
2023-08-16 17:01:37;200;2;NEWTL;0
2023-08-16 17:01:54;200;427494;KELYA;0
2023-08-16 17:02:11;200;304141;GCBC;0
2023-08-16 17:02:28;200;350108;YORW;0
2023-08-16 17:02:46;200;609648;HROW;0
2023-08-16 17:03:03;200;796465;CCB;0
2023-08-16 17:03:20;200;168361;WALD;0
2023-08-16 17:03:37;200;538648;ATNI;0
2023-08-16 17:03:56;200;336650;FMBH;0
2023-08-16 17:04:15;200;355903;JOUT;0
2023-08-16 17:04:33;200;358170;TILE;0
2023-08-16 17:04:51;200;79862;EFSCP;0
2023-08-16 17:05:10;200;604726;CRBU;0
2023-08-16 17:05:28;200;354266;SCWX;0
2023-08-16 17:05:46;200;466817;GLDD;0
2023-08-16 17:06:05;200;354375;LAND;0
2023-08-16 17:06:23;200;591920;AMAL;0
2023-08-16 17:06:43;200;720389;SWBI;0
2023-08-16 17:07:01;200;202812;TIPT;0
2023-08-16 17:07:18;200;71893;PIII;0
2023-08-16 17:07:36;200;35929;JANX;0
2023-08-16 17:07:53;200;152611;SOUN;0
2023-08-16 17:08:11;200;227855;MOND;0
2023-08-16 17:08:29;200;424298;LIND;0
2023-08-16 17:08:48;200;433901;UVSP;0
2023-08-16 17:09:06;200;626968;DENN;0
2023-08-16 17:09:24;200;212649;RILYZ;0
2023-08-16 17:09:44;200;581818;HAFC;0
2023-08-16 17:10:05;200;513027;TRST;0
2023-08-16 17:10:23;200;326653;CFB;0
2023-08-16 17:10:41;200;252385;HIBB;0
2023-08-16 17:10:58;200;243893;ASLE;0
2023-08-16 17:11:16;200;642013;HTBK;0
2023-08-16 17:11:33;200;377855;ACRS;0
2023-08-16 17:11:52;200;936032;ZEUS;0
2023-08-16 17:12:11;200;775122;LQDT;0
2023-08-16 17:12:29;200;515162;PETQ;0
2023-08-16 17:12:47;200;433859;EOLS;0
2023-08-16 17:13:05;200;392781;ATRO;0
2023-08-16 17:13:24;200;408530;MBWM;0
2023-08-16 17:13:42;200;155363;LYEL;0
2023-08-16 17:14:00;200;332393;DXPE;0
2023-08-16 17:14:19;200;428803;GOOD;0
2023-08-16 17:14:37;200;390789;TARS;0
2023-08-16 17:14:56;200;394505;RGP;0
2023-08-16 17:15:15;200;544009;HSII;0
2023-08-16 17:15:34;200;297870;BLFS;0
2023-08-16 17:15:50;200;369030;KRNY;0
2023-08-16 17:16:07;200;508132;SCLX;0
2023-08-16 17:16:24;200;819871;SHYF;0
2023-08-16 17:16:40;200;10634;CTLP;0
2023-08-16 17:16:57;200;488042;CCBG;0
2023-08-16 17:17:13;200;303282;MVIS;0
2023-08-16 17:17:29;200;169810;MCBS;0
2023-08-16 17:17:45;200;238448;MODV;0
2023-08-16 17:18:00;200;199246;MKTW;0
2023-08-16 17:18:16;200;86293;HLVX;0
2023-08-16 17:18:32;200;1034726;ARQT;0
2023-08-16 17:18:48;200;476981;CABA;0
2023-08-16 17:19:04;200;201616;CASS;0
2023-08-16 17:19:21;200;710458;AMCX;0
2023-08-16 17:19:36;200;42268;WULF;0
2023-08-16 17:19:52;200;211754;RWAY;0
2023-08-16 17:20:09;200;260433;MITK;0
2023-08-16 17:20:28;200;1028232;HBNC;0
2023-08-16 17:20:44;200;292870;FRPH;0
2023-08-16 17:21:01;200;449873;BFST;0
2023-08-16 17:21:17;200;171837;PTSI;0
2023-08-16 17:21:34;200;520265;SRDX;0
2023-08-16 17:21:50;200;271262;TRIN;0
2023-08-16 17:22:07;200;99260;CMPO;0
2023-08-16 17:22:24;200;260646;QNST;0
2023-08-16 17:22:41;200;398293;FLWS;0
2023-08-16 17:22:58;200;425979;AMOT;0
2023-08-16 17:23:14;200;570219;NFBK;0
2023-08-16 17:23:31;200;682628;HA;0
2023-08-16 17:23:48;200;359918;WASH;0
2023-08-16 17:24:05;200;325876;CAC;0
2023-08-16 17:24:22;200;271263;LEGH;0
2023-08-16 17:24:39;200;350748;ATLC;0
2023-08-16 17:24:55;200;150968;SVRA;0
2023-08-16 17:25:13;200;554467;CDLX;0
2023-08-16 17:25:30;200;567463;SMBC;0
2023-08-16 17:25:46;200;179325;LASR;0
2023-08-16 17:26:03;200;411211;ANAB;0
2023-08-16 17:26:19;200;152470;TRDA;0
2023-08-16 17:26:36;200;350869;FMNB;0
2023-08-16 17:26:54;200;695537;AGEN;0
2023-08-16 17:27:11;200;683211;ZYME;0
2023-08-16 17:27:28;200;515967;LBC;0
2023-08-16 17:27:46;200;1181054;CDNA;0
2023-08-16 17:28:03;200;538076;RBBN;0
2023-08-16 17:28:20;200;669547;CSTL;0
2023-08-16 17:28:37;200;714821;DHIL;0
2023-08-16 17:28:54;200;586170;MSBI;0
2023-08-16 17:29:11;200;629722;PGC;0
2023-08-16 17:29:27;200;65968;MYPS;0
2023-08-16 17:29:45;200;484388;FDUS;0
2023-08-16 17:30:06;200;814335;EYPT;0
2023-08-16 17:30:21;200;40251;NN;0
2023-08-16 17:30:38;200;491594;UFCS;0
2023-08-16 17:30:56;200;430371;MCRB;0
2023-08-16 17:31:13;200;403972;CEVA;0
2023-08-16 17:31:30;200;158430;KRT;0
2023-08-16 17:31:46;200;293780;SWIM;0
2023-08-16 17:32:03;200;309460;DGICA;0
2023-08-16 17:32:21;200;494166;EZPW;0
2023-08-16 17:32:37;200;327921;ARTNA;0
2023-08-16 17:32:54;200;511649;VITL;0
2023-08-16 17:33:09;200;2;KVSA;0
2023-08-16 17:33:28;200;677379;IHRT;0
2023-08-16 17:33:48;200;1816639;RXT;0
2023-08-16 17:34:05;200;305032;FWRG;0
2023-08-16 17:34:23;200;298065;AAOI;0
2023-08-16 17:34:41;200;422938;MCFT;0
2023-08-16 17:34:58;200;113083;BWMN;0
2023-08-16 17:35:15;200;1628;SOHON;0
2023-08-16 17:35:33;200;426364;CECO;0
2023-08-16 17:35:51;200;570061;BOOM;0
2023-08-16 17:36:09;200;605069;OSUR;0
2023-08-16 17:36:27;200;202776;CCNEP;0
2023-08-16 17:36:45;200;529973;HONE;0
2023-08-16 17:37:02;200;352388;IGMS;0
2023-08-16 17:37:20;200;562430;RCEL;0
2023-08-16 17:37:39;200;1307209;SFIX;0
2023-08-16 17:37:57;200;260887;CATC;0
2023-08-16 17:38:15;200;284250;OSPN;0
2023-08-16 17:38:34;200;345258;AMNB;0
2023-08-16 17:38:53;200;301147;LQDA;0
2023-08-16 17:39:13;200;552207;SPFI;0
2023-08-16 17:39:32;200;737128;HDSN;0
2023-08-16 17:39:51;200;264426;THFF;0
2023-08-16 17:40:10;200;401007;CNSL;0
2023-08-16 17:40:27;200;19951;APLM;0
2023-08-16 17:40:45;200;429270;ALDX;0
2023-08-16 17:41:03;200;511546;TCMD;0
2023-08-16 17:41:22;200;971350;EBIX;0
2023-08-16 17:41:39;200;220300;HIFS;0
2023-08-16 17:41:57;200;886769;FFIC;0
2023-08-16 17:42:15;200;578726;BBCP;0
2023-08-16 17:42:33;200;878829;NEWT;0
2023-08-16 17:42:50;200;238579;GAIN;0
2023-08-16 17:43:08;200;438260;CGEM;0
2023-08-16 17:43:26;200;120123;AIRS;0
2023-08-16 17:43:44;200;658004;LSEA;0
2023-08-16 17:44:03;200;666245;NRIX;0
2023-08-16 17:44:21;200;442978;ORIC;0
2023-08-16 17:44:40;200;468373;METC;0
2023-08-16 17:44:58;200;513907;ONEW;0
2023-08-16 17:45:17;200;595562;EGHT;0
2023-08-16 17:45:36;200;735242;VTNR;0
2023-08-16 17:45:53;200;11061;EWTX;0
2023-08-16 17:46:11;200;803522;CHRS;0
2023-08-16 17:46:29;200;230825;GOCO;0
2023-08-16 17:46:47;200;375873;OLMA;0
2023-08-16 17:47:05;200;391401;NBN;0
2023-08-16 17:47:23;200;501622;ITOS;0
2023-08-16 17:47:41;200;285302;PLSE;0
2023-08-16 17:47:59;200;342301;PGEN;0
2023-08-16 17:48:18;200;1266458;ICPT;0
2023-08-16 17:48:36;200;53198;LIFW;0
2023-08-16 17:48:53;200;212348;TDUP;0
2023-08-16 17:49:12;200;753117;SLDP;0
2023-08-16 17:49:30;200;134653;ABOS;0
2023-08-16 17:49:48;200;556870;HTBI;0
2023-08-16 17:50:06;200;301413;HUMA;0
2023-08-16 17:50:25;200;661616;VYGR;0
2023-08-16 17:50:43;200;516170;SMBK;0
2023-08-16 17:51:02;200;724317;LXRX;0
2023-08-16 17:51:20;200;291972;CCLDP;0
2023-08-16 17:51:38;200;305913;LUNG;0
2023-08-16 17:51:56;200;370968;FFWM;0
2023-08-16 17:52:13;200;43486;SHCR;0
2023-08-16 17:52:31;200;2;UHG;0
2023-08-16 17:52:49;200;280552;GLAD;0
2023-08-16 17:53:08;200;114207;DJCO;0
2023-08-16 17:53:27;200;1159702;TSP;0
2023-08-16 17:53:45;200;43879;AURA;0
2023-08-16 17:54:03;200;98694;DSGN;0
2023-08-16 17:54:21;200;273433;ESQ;0
2023-08-16 17:54:38;200;170415;RDIB;0
2023-08-16 17:54:57;200;584934;HRZN;0
2023-08-16 17:55:15;200;398282;OTLK;0
2023-08-16 17:55:33;200;322843;INOD;0
2023-08-16 17:55:51;200;18217;BTMD;0
2023-08-16 17:56:09;200;336511;SRRK;0
2023-08-16 17:56:27;200;542848;CCNE;0
2023-08-16 17:56:45;200;320316;ACTG;0
2023-08-16 17:57:03;200;405257;MXCT;0
2023-08-16 17:57:21;200;305952;ERAS;0
2023-08-16 17:57:39;200;251212;FSBC;0
2023-08-16 17:57:57;200;403370;FHTX;0
2023-08-16 17:58:15;200;191865;PMVP;0
2023-08-16 17:58:33;200;526572;TAST;0
2023-08-16 17:58:51;200;2;BTM;0
2023-08-16 17:59:09;200;343199;DSP;0
2023-08-16 17:59:26;200;11021;CBUS;0
2023-08-16 17:59:44;200;231403;ALRS;0
2023-08-16 18:00:03;200;289506;SLGC;0
2023-08-16 18:00:22;200;547739;CSSEP;0
2023-08-16 18:00:41;200;431036;NTGR;0
2023-08-16 18:01:00;200;520012;AMSWA;0
2023-08-16 18:01:19;200;483812;TERN;0
2023-08-16 18:01:37;200;205199;NVEC;0
2023-08-16 18:01:55;200;194449;BRLT;0
2023-08-16 18:02:15;200;1001387;LPSN;0
2023-08-16 18:02:34;200;709789;LOVE;0
2023-08-16 18:02:52;200;258716;SMTI;0
2023-08-16 18:03:09;200;25682;EXFY;0
2023-08-16 18:03:29;200;1048392;GEVO;0
2023-08-16 18:03:47;200;132178;AVTE;0
2023-08-16 18:04:06;200;1225072;BVS;0
2023-08-16 18:04:24;200;2;THRN;0
2023-08-16 18:04:42;200;144148;CVRX;0
2023-08-16 18:05:00;200;264729;SGHT;0
2023-08-16 18:05:19;200;915013;DAKT;0
2023-08-16 18:05:37;200;2;LGVC;0
2023-08-16 18:05:54;200;2;CHSCP;0
2023-08-16 18:06:13;200;330192;LYTS;0
2023-08-16 18:06:31;200;149285;SENEA;0
2023-08-16 18:06:50;200;631513;MPB;0
2023-08-16 18:07:12;200;1886833;BLNK;0
2023-08-16 18:07:31;200;529990;ZUMZ;0
2023-08-16 18:07:50;200;598031;LOCO;0
2023-08-16 18:08:09;200;359678;EBTC;0
2023-08-16 18:08:27;200;479581;OPI;0
2023-08-16 18:08:46;200;581021;MOFG;0
2023-08-16 18:09:04;200;13152;LMB;0
2023-08-16 18:09:23;200;515928;RRBI;0
2023-08-16 18:09:42;200;812550;QRTEA;0
2023-08-16 18:10:02;200;500743;MGTX;0
2023-08-16 18:10:22;200;750412;SIGA;0
2023-08-16 18:10:42;200;434607;ORGO;0
2023-08-16 18:11:01;200;237206;FBNC;0
2023-08-16 18:11:19;200;515600;OCUL;0
2023-08-16 18:11:37;200;98144;SKYT;0
2023-08-16 18:11:56;200;474671;PNTG;0
2023-08-16 18:12:15;200;319500;UTMD;0
2023-08-16 18:12:34;200;525123;SMMF;0
2023-08-16 18:12:52;200;264350;CERS;0
2023-08-16 18:13:11;200;253278;VNDA;0
2023-08-16 18:13:29;200;206279;VLGEA;0
2023-08-16 18:13:48;200;241734;RSVR;0
2023-08-16 18:14:08;200;522915;BAND;0
2023-08-16 18:14:27;200;584104;MGNX;0
2023-08-16 18:14:47;200;514152;INSE;0
2023-08-16 18:15:07;200;745997;AVNW;0
2023-08-16 18:15:26;200;328324;BMRC;0
2023-08-16 18:15:44;200;228168;AVAH;0
2023-08-16 18:16:03;200;233622;ALLK;0
2023-08-16 18:16:23;200;812396;PLCE;0
2023-08-16 18:16:42;200;537889;MRNS;0
2023-08-16 18:17:02;200;321153;ANGO;0
2023-08-16 18:17:20;200;209403;CARE;0
2023-08-16 18:17:39;200;626976;CVGI;0
2023-08-16 18:17:58;200;390028;ENTA;0
2023-08-16 18:18:16;200;366782;MVBF;0
2023-08-16 18:18:34;200;155427;HNRG;0
2023-08-16 18:18:52;200;141182;CMPX;0
2023-08-16 18:19:10;200;183125;PFIS;0
2023-08-16 18:19:28;200;220051;ALVR;0
2023-08-16 18:19:45;200;143226;GLUE;0
2023-08-16 18:20:03;200;179269;ICVX;0
2023-08-16 18:20:21;200;284001;FARO;0
2023-08-16 18:20:39;200;233990;SBT;0
2023-08-16 18:20:58;200;372005;NATR;0
2023-08-16 18:21:16;200;319810;MCBC;0
2023-08-16 18:21:36;200;599641;TWOU;0
2023-08-16 18:21:54;200;55032;CZNC;0
2023-08-16 18:22:12;200;244946;WLDN;0
2023-08-16 18:22:32;200;306526;WTBA;0
2023-08-16 18:22:50;200;244518;ZIMV;0
2023-08-16 18:23:08;200;365684;VMD;0
2023-08-16 18:23:25;200;280105;PRTH;0
2023-08-16 18:23:44;200;572023;LE;0
2023-08-16 18:24:03;200;307557;BSRR;0
2023-08-16 18:24:21;200;346520;NWPX;0
2023-08-16 18:24:39;200;471517;GPP;0
2023-08-16 18:24:57;200;260167;AROW;0
2023-08-16 18:25:15;200;334038;FLIC;0
2023-08-16 18:25:34;200;693389;CLAR;0
2023-08-16 18:25:52;200;149285;SENEB;0
2023-08-16 18:26:10;200;319811;XERS;0
2023-08-16 18:26:27;200;132696;ATLCP;0
2023-08-16 18:26:46;200;223180;DXLG;0
2023-08-16 18:27:05;200;195841;NATH;0
2023-08-16 18:27:23;200;266564;ALTO;0
2023-08-16 18:27:41;200;209730;FFIE;0
2023-08-16 18:27:59;200;456211;INZY;0
2023-08-16 18:28:18;200;375966;GRPN;0
2023-08-16 18:28:36;200;564775;AMSC;0
2023-08-16 18:28:54;200;73150;BAER;0
2023-08-16 18:29:12;200;142248;LFCR;0
2023-08-16 18:29:29;200;216369;TSVT;0
2023-08-16 18:29:47;200;102336;CPZ;0
2023-08-16 18:30:07;200;586592;ARAY;0
2023-08-16 18:30:25;200;168247;VAXX;0
2023-08-16 18:30:43;200;267327;GBIO;0
2023-08-16 18:31:01;200;31866;LVOX;0
2023-08-16 18:31:21;200;193655;BWB;0
2023-08-16 18:31:40;200;373747;FCNCO;0
2023-08-16 18:32:01;200;1622112;FATE;0
2023-08-16 18:32:19;200;2;IVCP;0
2023-08-16 18:32:37;200;124482;HYZN;0
2023-08-16 18:32:55;200;164963;FNLC;0
2023-08-16 18:33:15;200;681209;FNKO;0
2023-08-16 18:33:34;200;504216;RDVT;0
2023-08-16 18:33:57;200;527407;CSTR;0
2023-08-16 18:34:17;200;304089;CPSI;0
2023-08-16 18:34:36;200;653315;FISI;0
2023-08-16 18:34:54;200;218612;OB;0
2023-08-16 18:35:12;200;285028;WHF;0
2023-08-16 18:35:31;200;973199;ASUR;0
2023-08-16 18:35:49;200;367456;ACNB;0
2023-08-16 18:36:09;200;327037;PCYO;0
2023-08-16 18:36:27;200;103937;ITIC;0
2023-08-16 18:36:45;200;429178;FCNCP;0
2023-08-16 18:37:03;200;148657;WLFC;0
2023-08-16 18:37:21;200;317057;BTBT;0
2023-08-16 18:37:39;200;234822;FNGR;0
2023-08-16 18:37:58;200;616548;CUTR;0
2023-08-16 18:38:16;200;717817;VUZI;0
2023-08-16 18:38:36;200;864720;GWRS;0
2023-08-16 18:38:54;200;10162;TCBX;0
2023-08-16 18:39:12;200;163816;SPOK;0
2023-08-16 18:39:30;200;291233;CIVB;0
2023-08-16 18:39:48;200;244331;KLTR;0
2023-08-16 18:40:06;200;177170;IMRX;0
2023-08-16 18:40:25;200;299730;FDBC;0
2023-08-16 18:40:43;200;615238;AVIR;0
2023-08-16 18:41:02;200;539866;CBNK;0
2023-08-16 18:41:21;200;613045;ANIK;0
2023-08-16 18:41:39;200;508629;SAMG;0
2023-08-16 18:41:59;200;505400;SCPH;0
2023-08-16 18:42:19;200;203946;HBCP;0
2023-08-16 18:42:39;200;296646;WSBF;0
2023-08-16 18:42:58;200;215210;TNYA;0
2023-08-16 18:43:17;200;570823;LMNR;0
2023-08-16 18:43:36;200;94875;VCSA;0
2023-08-16 18:43:56;200;424941;ZYXI;0
2023-08-16 18:44:15;200;200803;XOMAO;0
2023-08-16 18:44:34;200;548740;PANL;0
2023-08-16 18:44:54;200;475822;TRHC;0
2023-08-16 18:45:14;200;564933;FMAO;0
2023-08-16 18:45:33;200;201106;BLDE;0
2023-08-16 18:45:52;200;200803;XOMAP;0
2023-08-16 18:46:11;200;405844;EOSE;0
2023-08-16 18:46:30;200;260316;FBIZ;0
2023-08-16 18:46:49;200;155784;AKYA;0
2023-08-16 18:47:08;200;184821;HQI;0
2023-08-16 18:47:26;200;36876;ATLX;0
2023-08-16 18:47:45;200;82086;NODK;0
2023-08-16 18:48:04;200;292027;HFFG;0
2023-08-16 18:48:23;200;140794;REFI;0
2023-08-16 18:48:42;200;742758;LINC;0
2023-08-16 18:49:02;200;318117;ILPT;0
2023-08-16 18:49:21;200;153920;TALK;0
2023-08-16 18:49:40;200;412681;SSTI;0
2023-08-16 18:49:59;200;14699;OBT;0
2023-08-16 18:50:18;200;440773;RBB;0
2023-08-16 18:50:36;200;214390;JMSB;0
2023-08-16 18:50:55;200;60784;BCAL;0
2023-08-16 18:51:15;200;469566;FATBP;0
2023-08-16 18:51:35;200;765858;DSKE;0
2023-08-16 18:51:54;200;160993;CDZI;0
2023-08-16 18:52:14;200;445426;PETS;0
2023-08-16 18:52:33;200;205575;TTSH;0
2023-08-16 18:52:52;200;267988;AFCG;0
2023-08-16 18:53:12;200;343617;CMTL;0
2023-08-16 18:53:31;200;198331;GOSS;0
2023-08-16 18:53:51;200;682667;NRIM;0
2023-08-16 18:54:11;200;534275;AXGN;0
2023-08-16 18:54:30;200;255968;BKCC;0
2023-08-16 18:54:49;200;384826;LUNA;0
2023-08-16 18:55:08;200;25070;VCXAU;0
2023-08-16 18:55:28;200;597699;TREE;0
2023-08-16 18:55:48;200;144700;UONE;0
2023-08-16 18:56:07;200;252077;PMTS;0
2023-08-16 18:56:26;200;245509;UNTY;0
2023-08-16 18:56:46;200;864746;PBPB;0
2023-08-16 18:57:05;200;587542;STRO;0
2023-08-16 18:57:25;200;600449;DLTH;0
2023-08-16 18:57:46;200;861882;FULC;0
2023-08-16 18:58:04;200;144700;UONEK;0
2023-08-16 18:58:25;200;632810;AMTX;0
2023-08-16 18:58:44;200;173312;NVCT;0
2023-08-16 18:59:05;200;771569;GOEV;0
2023-08-16 18:59:26;200;778853;REAL;0
2023-08-16 18:59:45;200;39619;CARM;0
2023-08-16 19:00:19;200;2511764;III;0
2023-08-16 19:00:38;200;173263;FTCI;0
2023-08-16 19:00:58;200;291704;OMER;0
2023-08-16 19:01:17;200;263701;BLFY;0
2023-08-16 19:01:37;200;509120;TPIC;0
2023-08-16 19:01:56;200;21402;PBFS;0
2023-08-16 19:02:15;200;351652;OVID;0
2023-08-16 19:02:34;200;13286;CMAX;0
2023-08-16 19:02:55;200;634766;NECB;0
2023-08-16 19:03:15;200;2;ASTSW;0
2023-08-16 19:03:35;200;349160;AKBA;0
2023-08-16 19:03:55;200;531101;PRPL;0
2023-08-16 19:04:16;200;1385034;YMAB;0
2023-08-16 19:04:36;200;232598;PKOH;0
2023-08-16 19:04:57;200;597281;SDC;0
2023-08-16 19:05:18;200;954100;POWW;0
2023-08-16 19:05:37;200;198449;AIP;0
2023-08-16 19:05:57;200;275663;STOK;0
2023-08-16 19:06:17;200;610330;FSBW;0
2023-08-16 19:06:37;200;258249;WEYS;0
2023-08-16 19:06:56;200;42061;FUND;0
2023-08-16 19:07:16;200;303885;EHTH;0
2023-08-16 19:07:35;200;291868;VSTM;0
2023-08-16 19:07:55;200;256585;NWFL;0
2023-08-16 19:08:15;200;385803;TSBK;0
2023-08-16 19:08:35;200;298435;PRTS;0
2023-08-16 19:08:55;200;499410;ORRF;0
2023-08-16 19:09:14;200;23515;SCWO;0
2023-08-16 19:09:33;200;18710;CNVS;0
2023-08-16 19:09:52;200;241676;BCML;0
2023-08-16 19:10:14;200;246115;BSVN;0
2023-08-16 19:10:34;200;291921;IMMR;0
2023-08-16 19:10:54;200;396712;HOFT;0
2023-08-16 19:11:15;200;718673;OPRT;0
2023-08-16 19:11:35;200;1197422;EGRX;0
2023-08-16 19:11:54;200;26757;ATXS;0
2023-08-16 19:12:14;200;693935;BIRD;0
2023-08-16 19:12:34;200;150195;SFST;0
2023-08-16 19:12:53;200;197986;VIGL;0
2023-08-16 19:13:12;200;2;FRST;0
2023-08-16 19:13:32;200;261163;MASS;0
2023-08-16 19:13:52;200;501327;LAB;0
2023-08-16 19:14:12;200;608265;RMNI;0
2023-08-16 19:14:32;200;634043;EGAN;0
2023-08-16 19:14:51;200;317298;PSTX;0
2023-08-16 19:15:12;200;473759;SPWH;0
2023-08-16 19:15:31;200;223864;FVCB;0
2023-08-16 19:15:51;200;370689;CRMD;0
2023-08-16 19:16:10;200;23049;RLYB;0
2023-08-16 19:16:30;200;502702;SHBI;0
2023-08-16 19:16:50;200;386858;QIPT;0
2023-08-16 19:17:09;200;286095;ESCA;0
2023-08-16 19:17:29;200;160491;PCB;0
2023-08-16 19:17:49;200;534255;TELA;0
2023-08-16 19:18:09;200;21518;NUTX;0
2023-08-16 19:18:29;200;521220;CNTY;0
2023-08-16 19:18:49;200;227973;STRS;0
2023-08-16 19:19:08;200;140016;USCB;0
2023-08-16 19:19:28;200;392056;FENC;0
2023-08-16 19:19:48;200;10934;SQFTP;0
2023-08-16 19:20:07;200;202422;STKS;0
2023-08-16 19:20:27;200;154406;BWFG;0
2023-08-16 19:20:47;200;239543;FRGI;0
2023-08-16 19:21:07;200;152067;RANI;0
2023-08-16 19:21:27;200;140964;PKBK;0
2023-08-16 19:21:48;200;206283;DWACW;0
2023-08-16 19:22:08;200;281065;CELC;0
2023-08-16 19:22:29;200;461685;PDLB;0
2023-08-16 19:22:50;200;81971;CPSS;0
2023-08-16 19:23:11;200;703537;OPRX;0
2023-08-16 19:23:32;200;739156;VRA;0
2023-08-16 19:23:53;200;254903;TUSK;0
2023-08-16 19:24:14;200;181489;SSBK;0
2023-08-16 19:24:35;200;849066;VRCA;0
2023-08-16 19:24:55;200;49863;OBIO;0
2023-08-16 19:25:16;200;577171;RIGL;0
2023-08-16 19:25:37;200;426547;INVE;0
2023-08-16 19:25:58;200;249554;MRAM;0
2023-08-16 19:26:19;200;492432;XFOR;0
2023-08-16 19:26:39;200;335510;CVLY;0
2023-08-16 19:27:01;200;385900;TRUE;0
2023-08-16 19:27:21;200;37185;WTER;0
2023-08-16 19:27:41;200;83587;ORGN;0
2023-08-16 19:28:04;200;455634;RRGB;0
2023-08-16 19:28:25;200;269866;PRLD;0
2023-08-16 19:28:44;200;2;VABK;0
2023-08-16 19:29:05;200;353287;ALXO;0
2023-08-16 19:29:26;200;442784;MYFW;0
2023-08-16 19:29:47;200;441382;LIAN;0
2023-08-16 19:30:10;200;750547;HEAR;0
2023-08-16 19:30:31;200;249874;SWKH;0
2023-08-16 19:30:52;200;370899;VRM;0
2023-08-16 19:31:13;200;731824;BCBP;0
2023-08-16 19:31:34;200;432794;EVER;0
2023-08-16 19:31:55;200;439160;ATRA;0
2023-08-16 19:32:14;200;13891;PFMT;0
2023-08-16 19:32:34;200;368342;BGFV;0
2023-08-16 19:32:55;200;549174;KPTI;0
2023-08-16 19:33:15;200;179062;AUGX;0
2023-08-16 19:33:34;200;148364;PTMN;0
2023-08-16 19:33:55;200;794354;FSTR;0
2023-08-16 19:34:15;200;114073;SNFCA;0
2023-08-16 19:34:35;200;360596;ITI;0
2023-08-16 19:34:55;200;167452;SMLR;0
2023-08-16 19:35:16;200;529375;MFIN;0
2023-08-16 19:35:36;200;306892;VOR;0
2023-08-16 19:35:56;200;341271;KLXE;0
2023-08-16 19:36:16;200;383756;KOPN;0
2023-08-16 19:36:36;200;121751;RPHM;0
2023-08-16 19:36:55;200;98091;OMGA;0
2023-08-16 19:37:16;200;269921;BPRN;0
2023-08-16 19:37:36;200;357516;INBK;0
2023-08-16 19:37:56;200;251789;RGCO;0
2023-08-16 19:38:16;200;2;INBKZ;0
2023-08-16 19:38:36;200;220963;JAKK;0
2023-08-16 19:38:56;200;387022;FLL;0
2023-08-16 19:39:16;200;329543;VOXX;0
2023-08-16 19:39:36;200;89886;SKYX;0
2023-08-16 19:39:56;200;335048;HMST;0
2023-08-16 19:40:17;200;386377;CFFI;0
2023-08-16 19:40:36;200;52491;ANTX;0
2023-08-16 19:40:56;200;117758;COFS;0
2023-08-16 19:41:16;200;204397;IKNA;0
2023-08-16 19:41:36;200;294487;CBAN;0
2023-08-16 19:41:56;200;227819;CVCY;0
2023-08-16 19:42:16;200;270521;LRMR;0
2023-08-16 19:42:36;200;162848;ZVRA;0
2023-08-16 19:42:56;200;269654;PCYG;0
2023-08-16 19:43:17;200;293642;XOMA;0
2023-08-16 19:43:37;200;239329;OXSQ;0
2023-08-16 19:43:57;200;365535;LYRA;0
2023-08-16 19:44:19;200;548342;ADVM;0
2023-08-16 19:44:40;200;406490;HRTX;0
2023-08-16 19:45:01;200;326119;SGMO;0
2023-08-16 19:45:24;200;1095160;ALCO;0
2023-08-16 19:45:46;200;300671;SEER;0
2023-08-16 19:46:07;200;129476;CLMB;0
2023-08-16 19:46:29;200;206105;LCNB;0
2023-08-16 19:46:51;200;1128630;ASRT;0
2023-08-16 19:47:11;200;248014;MNSB;0
2023-08-16 19:47:33;200;764889;ESPR;0
2023-08-16 19:47:57;200;198291;GRWG;0
2023-08-16 19:48:20;200;545547;PBYI;0
2023-08-16 19:48:41;200;331400;TWIN;0
2023-08-16 19:49:01;200;34809;MACK;0
2023-08-16 19:49:22;200;588787;IVVD;0
2023-08-16 19:49:42;200;227018;ESSA;0
2023-08-16 19:50:05;200;424907;RELL;0
2023-08-16 19:50:25;200;486831;MTRX;0
2023-08-16 19:50:47;200;162878;ATOM;0
2023-08-16 19:51:09;200;481764;CTRN;0
2023-08-16 19:51:29;200;85622;PRST;0
2023-08-16 19:51:49;200;10994;PNRG;0
2023-08-16 19:52:09;200;449494;CRGE;0
2023-08-16 19:52:30;200;528150;NGM;0
2023-08-16 19:52:50;200;238769;LAZY;0
2023-08-16 19:53:11;200;345347;PVBC;0
2023-08-16 19:53:30;200;70245;MNSBP;0
2023-08-16 19:53:50;200;358430;HBIO;0
2023-08-16 19:54:10;200;110908;ATLO;0
2023-08-16 19:54:30;200;2;EVGOW;0
2023-08-16 19:54:50;200;179566;CAPR;0
2023-08-16 19:55:11;200;316335;BCOV;0
2023-08-16 19:55:31;200;277467;BDTX;0
2023-08-16 19:55:51;200;122266;PESI;0
2023-08-16 19:56:12;200;261427;SEEL;0
2023-08-16 19:56:33;200;446860;REKR;0
2023-08-16 19:56:54;200;230203;MPAA;0
2023-08-16 19:57:14;200;534426;FREE;0
2023-08-16 19:57:34;200;188079;HYPR;0
2023-08-16 19:57:55;200;114538;FGFPP;0
2023-08-16 19:58:17;200;817879;APYX;0
2023-08-16 19:58:37;200;56281;NKSH;0
2023-08-16 19:58:59;200;294618;CCCC;0
2023-08-16 19:59:19;200;2;CCLP;0
2023-08-16 19:59:40;200;182530;IPSC;0
2023-08-16 20:00:04;200;210278;TGAN;0
2023-08-16 20:00:25;200;337368;LVO;0
2023-08-16 20:00:47;200;557417;PDSB;0
2023-08-16 20:01:09;200;478258;CTG;0
2023-08-16 20:01:30;200;554826;GRTS;0
2023-08-16 20:01:51;200;215037;ABSI;0
2023-08-16 20:02:12;200;211699;RCMT;0
2023-08-16 20:02:34;200;591646;CARA;0
2023-08-16 20:02:54;200;79113;MAPS;0
2023-08-16 20:03:16;200;350043;ANNX;0
2023-08-16 20:03:38;200;115987;DIBS;0
2023-08-16 20:04:00;200;620218;SELB;0
2023-08-16 20:04:22;200;871001;WKHS;0
2023-08-16 20:04:43;200;17949;VGAS;0
2023-08-16 20:05:04;200;216928;LBPH;0
2023-08-16 20:05:26;200;604395;MRSN;0
2023-08-16 20:05:47;200;263890;KOD;0
2023-08-16 20:06:08;200;394930;EGIO;0
2023-08-16 20:06:29;200;370073;MRCC;0
2023-08-16 20:06:51;200;403812;ALT;0
2023-08-16 20:07:12;200;451206;LFMD;0
2023-08-16 20:07:33;200;349662;NKTR;0
2023-08-16 20:07:55;200;481692;JYNT;0
2023-08-16 20:08:15;200;16080;SEVN;0
2023-08-16 20:08:36;200;298779;CALB;0
2023-08-16 20:08:58;200;582499;TLS;0
2023-08-16 20:09:20;200;902708;LTRX;0
2023-08-16 20:09:42;200;481330;CLPT;0
2023-08-16 20:10:04;200;207773;MINM;0
2023-08-16 20:10:25;200;38961;TRVI;0
2023-08-16 20:10:46;200;167299;OPBK;0
2023-08-16 20:11:07;200;244121;STRRP;0
2023-08-16 20:11:28;200;158834;XBIT;0
2023-08-16 20:11:49;200;469889;LCUT;0
2023-08-16 20:12:10;200;673126;NDLS;0
2023-08-16 20:12:30;200;632432;INMB;0
2023-08-16 20:12:50;200;395345;BSET;0
2023-08-16 20:13:10;200;210785;BLZE;0
2023-08-16 20:13:30;200;269038;JSPR;0
2023-08-16 20:13:50;200;491155;DLHC;0
2023-08-16 20:14:10;200;34415;GRPH;0
2023-08-16 20:14:30;200;221605;CTXR;0
2023-08-16 20:14:50;200;23172;AADI;0
2023-08-16 20:15:10;200;374752;PRAX;0
2023-08-16 20:15:32;200;435159;NSTG;0
2023-08-16 20:15:53;200;326913;SGC;0
2023-08-16 20:16:15;200;279181;HURC;0
2023-08-16 20:16:37;200;241275;FEAM;0
2023-08-16 20:16:59;200;327918;INGN;0
2023-08-16 20:17:20;200;10425;LCA;0
2023-08-16 20:17:43;200;476699;BIVI;0
2023-08-16 20:18:05;200;624300;WNEB;0
2023-08-16 20:18:27;200;783252;WISH;0
2023-08-16 20:18:47;200;2;FRLA;0
2023-08-16 20:19:07;200;4008;ISSC;0
2023-08-16 20:19:28;200;665530;OPTN;0
2023-08-16 20:19:51;200;1327322;AKTS;0
2023-08-16 20:20:12;200;701425;CUE;0
2023-08-16 20:20:33;200;302284;ISTR;0
2023-08-16 20:20:54;200;215110;HNST;0
2023-08-16 20:21:15;200;588664;CDXS;0
2023-08-16 20:21:36;200;150897;FCCO;0
2023-08-16 20:21:57;200;430937;MRBK;0
2023-08-16 20:22:18;200;306893;RCKY;0
2023-08-16 20:22:39;200;402941;TSHA;0
2023-08-16 20:23:01;200;706662;AREC;0
2023-08-16 20:23:21;200;116662;GLSI;0
2023-08-16 20:23:42;200;194432;FINW;0
2023-08-16 20:24:03;200;223516;FGBI;0
2023-08-16 20:24:24;200;67970;VIASP;0
2023-08-16 20:24:45;200;36241;THRX;0
2023-08-16 20:25:07;200;246238;ROOT;0
2023-08-16 20:25:28;200;34444;OFS;0
2023-08-16 20:25:48;200;148537;WGS;0
2023-08-16 20:26:08;200;50628;FATBB;0
2023-08-16 20:26:29;200;165729;RMBI;0
2023-08-16 20:26:50;200;162189;QRHC;0
2023-08-16 20:27:11;200;190320;PEPG;0
2023-08-16 20:27:32;200;196809;HNVR;0
2023-08-16 20:27:53;200;201269;ULBI;0
2023-08-16 20:28:14;200;290963;SGA;0
2023-08-16 20:28:35;200;113498;PRDS;0
2023-08-16 20:28:57;200;683841;TTOO;0
2023-08-16 20:29:18;200;82423;FRAF;0
2023-08-16 20:29:39;200;2;MAMA;0
2023-08-16 20:30:01;200;355493;DBTX;0
2023-08-16 20:30:23;200;870127;CTSO;0
2023-08-16 20:30:44;200;203467;USAP;0
2023-08-16 20:31:06;200;504421;FGEN;0
2023-08-16 20:31:28;200;127496;NB;0
2023-08-16 20:31:50;200;359625;ASYS;0
2023-08-16 20:32:12;200;406242;KNTE;0
2023-08-16 20:32:33;200;360687;FTHM;0
2023-08-16 20:32:57;200;309652;UEIC;0
2023-08-16 20:33:19;200;312051;AOUT;0
2023-08-16 20:33:40;200;98282;TALS;0
2023-08-16 20:34:03;200;847132;BTAI;0
2023-08-16 20:34:25;200;516234;FAT;0
2023-08-16 20:34:48;200;545721;RVSB;0
2023-08-16 20:35:09;200;2;FONR;0
2023-08-16 20:35:30;200;446652;BCAB;0
2023-08-16 20:35:52;200;572841;PRTK;0
2023-08-16 20:36:14;200;11628;SMID;0
2023-08-16 20:36:35;200;472257;FNWB;0
2023-08-16 20:36:56;200;271843;BGXX;0
2023-08-16 20:37:17;200;242862;HWBK;0
2023-08-16 20:37:40;200;403049;NTIC;0
2023-08-16 20:38:01;200;233527;ADTH;0
2023-08-16 20:38:23;200;407140;INO;0
2023-08-16 20:38:46;200;1613883;BNGO;0
2023-08-16 20:39:07;200;250061;EPSN;0
2023-08-16 20:39:29;200;361779;ATOS;0
2023-08-16 20:39:51;200;239072;GEOS;0
2023-08-16 20:40:13;200;595328;FNCB;0
2023-08-16 20:40:34;200;428067;GNSS;0
2023-08-16 20:40:55;200;79794;UBFO;0
2023-08-16 20:41:17;200;458356;RMBL;0
2023-08-16 20:41:39;200;440391;CDXC;0
2023-08-16 20:42:01;200;550988;AQMS;0
2023-08-16 20:42:23;200;139813;BANX;0
2023-08-16 20:42:44;200;136215;KRMD;0
2023-08-16 20:43:07;200;459450;MNOV;0
2023-08-16 20:43:28;200;334141;EML;0
2023-08-16 20:43:50;200;278951;SMSI;0
2023-08-16 20:44:11;200;85680;NPCE;0
2023-08-16 20:44:33;200;9872;HGBL;0
2023-08-16 20:44:55;200;340372;FSFG;0
2023-08-16 20:45:16;200;17937;WHLRD;0
2023-08-16 20:45:38;200;355713;BDSX;0
2023-08-16 20:45:59;200;36960;MMAT;0
2023-08-16 20:46:20;200;161323;ANIX;0
2023-08-16 20:46:43;200;1064238;AQST;0
2023-08-16 20:47:04;200;91937;FCUV;0
2023-08-16 20:47:26;200;453710;PFSW;0
2023-08-16 20:47:49;200;314213;XAIR;0
2023-08-16 20:48:11;200;255873;KZR;0
2023-08-16 20:48:32;200;2;BVFL;0
2023-08-16 20:48:53;200;133121;BSBK;0
2023-08-16 20:49:16;200;696407;OCGN;0
2023-08-16 20:49:38;200;314529;LIFE;0
2023-08-16 20:50:01;200;386875;AXTI;0
2023-08-16 20:50:23;200;225327;FUNC;0
2023-08-16 20:50:45;200;481313;PLBY;0
2023-08-16 20:51:07;200;417598;FFNW;0
2023-08-16 20:51:31;200;557066;KVHI;0
2023-08-16 20:51:55;200;335733;FOSL;0
2023-08-16 20:52:18;200;120346;CPHC;0
2023-08-16 20:52:41;200;110481;NAUT;0
2023-08-16 20:53:04;200;9593;LWAY;0
2023-08-16 20:53:26;200;12248;BRID;0
2023-08-16 20:53:49;200;723202;CTMX;0
2023-08-16 20:54:13;200;38452;SOND;0
2023-08-16 20:54:36;200;2;MINDP;0
2023-08-16 20:54:58;200;253635;CRVS;0
2023-08-16 20:55:21;200;607269;NNBR;0
2023-08-16 20:55:46;200;620661;VXRT;0
2023-08-16 20:56:08;200;114538;FGMC;0
2023-08-16 20:56:31;200;11353;MMLP;0
2023-08-16 20:56:54;200;243585;BFIN;0
2023-08-16 20:57:15;200;2;DTOC;0
2023-08-16 20:57:38;200;125562;UNB;0
2023-08-16 20:58:01;200;163890;RGF;0
2023-08-16 20:58:24;200;237133;FNWD;0
2023-08-16 20:58:46;200;2;RENB;0
2023-08-16 20:59:11;200;658710;ATHA;0
2023-08-16 20:59:33;200;153834;FXNC;0
2023-08-16 20:59:55;200;18425;ALOT;0
2023-08-16 21:00:19;200;211473;GLYC;0
2023-08-16 21:00:42;200;282176;LAKE;0
2023-08-16 21:01:05;200;2;DTOCU;0
2023-08-16 21:01:28;200;279955;FLXS;0
2023-08-16 21:01:52;200;789941;NOTV;0
2023-08-16 21:02:13;200;2;AENT;0
2023-08-16 21:02:36;200;2;SLAC;0
2023-08-16 21:02:59;200;207639;PAYS;0
2023-08-16 21:03:24;200;569500;CONN;0
2023-08-16 21:03:47;200;2;MLGO;0
2023-08-16 21:04:11;200;398050;ETON;0
2023-08-16 21:04:33;200;16293;QUIK;0
2023-08-16 21:04:55;200;643284;BEEM;0
2023-08-16 21:05:17;200;323686;MNTX;0
2023-08-16 21:05:40;200;753183;RENT;0
2023-08-16 21:06:05;200;2019719;VERU;0
2023-08-16 21:06:27;200;295074;AXDX;0
2023-08-16 21:06:50;200;1099808;SNCR;0
2023-08-16 21:07:15;200;831601;VERI;0
2023-08-16 21:07:37;200;548101;SCYX;0
2023-08-16 21:08:00;200;326872;EBMT;0
2023-08-16 21:08:22;200;303792;TCRX;0
2023-08-16 21:08:46;200;565779;APEI;0
2023-08-16 21:09:08;200;319315;TZOO;0
2023-08-16 21:09:29;200;60611;CPTN;0
2023-08-16 21:09:51;200;2;MAYS;0
2023-08-16 21:10:14;200;603142;PRCH;0
2023-08-16 21:10:37;200;755993;GTHX;0
2023-08-16 21:10:58;200;271080;MDWT;0
2023-08-16 21:11:20;200;299990;UPLD;0
2023-08-16 21:11:42;200;733;CYT;0
2023-08-16 21:12:03;200;25070;VCXA;0
2023-08-16 21:12:25;200;297248;CMCT;0
2023-08-16 21:12:48;200;417446;PROV;0
2023-08-16 21:13:10;200;333316;NKTX;0
2023-08-16 21:13:32;200;1060694;PRPH;0
2023-08-16 21:13:54;200;120335;PYXS;0
2023-08-16 21:14:16;200;319852;KRON;0
2023-08-16 21:14:37;200;269973;ACHV;0
2023-08-16 21:14:59;200;421434;SBFG;0
2023-08-16 21:15:21;200;291677;RLMD;0
2023-08-16 21:15:43;200;373353;SSSS;0
2023-08-16 21:16:04;200;17888;VERY;0
2023-08-16 21:16:26;200;350603;TCRT;0
2023-08-16 21:16:47;200;82317;NEOV;0
2023-08-16 21:17:09;200;118882;HOWL;0
2023-08-16 21:17:30;200;3362;ACNT;0
2023-08-16 21:17:52;200;168847;STRT;0
2023-08-16 21:18:14;200;262387;ACET;0
2023-08-16 21:18:36;200;231723;IVAC;0
2023-08-16 21:18:58;200;365469;PSNL;0
2023-08-16 21:19:20;200;216209;KITT;0
2023-08-16 21:19:41;200;101515;CSBR;0
2023-08-16 21:20:03;200;61684;SIEB;0
2023-08-16 21:20:25;200;304496;GSIT;0
2023-08-16 21:20:47;200;365253;APLT;0
2023-08-16 21:21:09;200;175726;CRDF;0
2023-08-16 21:21:30;200;78923;CODA;0
2023-08-16 21:21:52;200;329859;STTK;0
2023-08-16 21:22:14;200;387753;GALT;0
2023-08-16 21:22:37;200;551052;CMRX;0
2023-08-16 21:22:59;200;132472;DAVE;0
2023-08-16 21:23:21;200;308558;TBNK;0
2023-08-16 21:23:43;200;354905;OCUP;0
2023-08-16 21:24:05;200;142701;SPRB;0
2023-08-16 21:24:26;200;145898;IMNM;0
2023-08-16 21:24:48;200;214921;BYRN;0
2023-08-16 21:25:10;200;16370;CXAI;0
2023-08-16 21:25:32;200;289194;DRRX;0
2023-08-16 21:25:54;200;222550;RVPH;0
2023-08-16 21:26:15;200;46532;ASTR;0
2023-08-16 21:26:37;200;170128;LVLU;0
2023-08-16 21:26:59;200;130563;LIVE;0
2023-08-16 21:27:20;200;8719;OCCI;0
2023-08-16 21:27:42;200;151622;FORA;0
2023-08-16 21:28:04;200;598430;CASA;0
2023-08-16 21:28:26;200;164209;PFIE;0
2023-08-16 21:28:48;200;229646;CDTX;0
2023-08-16 21:29:10;200;203689;MCHX;0
2023-08-16 21:29:32;200;110218;WFCF;0
2023-08-16 21:29:54;200;378702;PXLW;0
2023-08-16 21:30:16;200;153522;SND;0
2023-08-16 21:30:38;200;427940;SYRS;0
2023-08-16 21:31:01;200;1117184;CMLS;0
2023-08-16 21:31:23;200;190884;OXLCP;0
2023-08-16 21:31:47;200;418958;IMUX;0
2023-08-16 21:32:10;200;353120;FLUX;0
2023-08-16 21:32:32;200;2;BKSC;0
2023-08-16 21:32:53;200;22739;AUVIP;0
2023-08-16 21:33:14;200;2;RBKB;0
2023-08-16 21:33:36;200;148316;XLO;0
2023-08-16 21:33:57;200;2;OMEX;0
2023-08-16 21:34:19;200;244312;GMGI;0
2023-08-16 21:34:42;200;545687;EYEN;0
2023-08-16 21:35:05;200;376177;BWEN;0
2023-08-16 21:35:27;200;366666;DMTK;0
2023-08-16 21:35:49;200;347556;VTVT;0
2023-08-16 21:36:11;200;1055;IKT;0
2023-08-16 21:36:34;200;393791;ABEO;0
2023-08-16 21:36:57;200;218108;PCTI;0
2023-08-16 21:37:18;200;2;SLNG;0
2023-08-16 21:37:40;200;109870;HCWB;0
2023-08-16 21:38:02;200;249468;DMAC;0
2023-08-16 21:38:25;200;892485;DZSI;0
2023-08-16 21:38:47;200;297667;HYMC;0
2023-08-16 21:39:10;200;389755;SCOR;0
2023-08-16 21:39:32;200;232210;INSG;0
2023-08-16 21:39:55;200;498738;SLDB;0
2023-08-16 21:40:17;200;129697;TKNO;0
2023-08-16 21:40:39;200;331509;CRIS;0
2023-08-16 21:41:01;200;39433;ANEB;0
2023-08-16 21:41:25;200;542253;PWFL;0
2023-08-16 21:41:47;200;145833;VIRC;0
2023-08-16 21:42:10;200;538632;QUBT;0
2023-08-16 21:42:32;200;144049;MKUL;0
2023-08-16 21:42:54;200;22784;TACT;0
2023-08-16 21:43:15;200;2;BYFC;0
2023-08-16 21:43:39;200;1643525;MULN;0
2023-08-16 21:44:02;200;333064;MESA;0
2023-08-16 21:44:24;200;6873;SERA;0
2023-08-16 21:44:46;200;408081;EVLO;0
2023-08-16 21:45:10;200;577677;ZYNE;0
2023-08-16 21:45:32;200;168583;SOTK;0
2023-08-16 21:45:56;200;1848692;FBIO;0
2023-08-16 21:46:18;200;169633;AUID;0
2023-08-16 21:46:41;200;941812;SPRO;0
2023-08-16 21:47:04;200;138958;GECC;0
2023-08-16 21:47:26;200;288783;LTBR;0
2023-08-16 21:47:48;200;2;PPIH;0
2023-08-16 21:48:10;200;2;TECTP;0
2023-08-16 21:48:32;200;185346;VTSI;0
2023-08-16 21:48:55;200;133860;BZFD;0
2023-08-16 21:49:18;200;631015;EAR;0
2023-08-16 21:49:40;200;118948;ELYM;0
2023-08-16 21:50:03;200;177756;KPLT;0
2023-08-16 21:50:24;200;2;TCBC;0
2023-08-16 21:50:47;200;230149;LEE;0
2023-08-16 21:51:09;200;217954;SURG;0
2023-08-16 21:51:31;200;2;BEAT;0
2023-08-16 21:51:54;200;680485;WRAP;0
2023-08-16 21:52:16;200;2;FHLT;0
2023-08-16 21:52:38;200;438415;FIXX;0
2023-08-16 21:53:02;200;648430;IDEX;0
2023-08-16 21:53:24;200;162688;STRM;0
2023-08-16 21:53:47;200;300945;AVRO;0
2023-08-16 21:54:09;200;22070;CLOE;0
2023-08-16 21:54:31;200;214672;ADES;0
2023-08-16 21:54:53;200;159381;IPWR;0
2023-08-16 21:55:16;200;135189;SLDPW;0
2023-08-16 21:55:38;200;340958;BCLI;0
2023-08-16 21:56:02;200;633922;CLSD;0
2023-08-16 21:56:24;200;445481;DARE;0
2023-08-16 21:56:47;200;424372;VTGN;0
2023-08-16 21:57:09;200;10658;TAYD;0
2023-08-16 21:57:31;200;390323;LFVN;0
2023-08-16 21:57:54;200;463410;LUCD;0
2023-08-16 21:58:16;200;24297;CSPI;0
2023-08-16 21:58:38;200;2;TPCS;0
2023-08-16 21:59:00;200;2;BBLGW;0
2023-08-16 21:59:22;200;221439;LGVN;0
2023-08-16 21:59:45;200;144514;TIL;0
2023-08-16 22:00:07;200;2;ARKR;0
2023-08-16 22:00:32;200;918336;ICAD;0
2023-08-16 22:00:54;200;19050;RSSS;0
2023-08-16 22:01:17;200;172663;GEG;0
2023-08-16 22:01:39;200;345741;SCTL;0
2023-08-16 22:02:02;200;93024;FEIM;0
2023-08-16 22:02:25;200;254500;TOI;0
2023-08-16 22:02:47;200;104021;INKT;0
2023-08-16 22:03:09;200;286108;QMCO;0
2023-08-16 22:03:31;200;4681;PPSI;0
2023-08-16 22:03:53;200;17051;VANI;0
2023-08-16 22:04:16;200;130729;KSCP;0
2023-08-16 22:04:38;200;51439;NHTC;0
2023-08-16 22:05:00;200;109119;VIA;0
2023-08-16 22:05:23;200;346204;APCX;0
2023-08-16 22:05:46;200;298871;NERV;0
2023-08-16 22:06:08;200;48896;LPTH;0
2023-08-16 22:06:31;200;543791;DTIL;0
2023-08-16 22:06:53;200;64887;KTCC;0
2023-08-16 22:07:15;200;52402;RKDA;0
2023-08-16 22:07:37;200;103554;MVLA;0
2023-08-16 22:08:00;200;328837;AEYE;0
2023-08-16 22:08:22;200;535779;HOOK;0
2023-08-16 22:08:45;200;2;ROSE;0
2023-08-16 22:09:07;200;49228;CELL;0
2023-08-16 22:09:29;200;256858;RDI;0
2023-08-16 22:09:51;200;19663;ITAQ;0
2023-08-16 22:10:14;200;2;GOEVW;0
2023-08-16 22:10:36;200;462136;RVYL;0
2023-08-16 22:11:00;200;915975;CSSE;0
2023-08-16 22:11:22;200;14495;PDEX;0
2023-08-16 22:11:45;200;80568;SSIC;0
2023-08-16 22:12:07;200;45806;HOUR;0
2023-08-16 22:12:29;200;236215;BAFN;0
2023-08-16 22:12:51;200;5017;HLTH;0
2023-08-16 22:13:14;200;579229;DYAI;0
2023-08-16 22:13:37;200;231600;HSON;0
2023-08-16 22:14:00;200;329813;XOS;0
2023-08-16 22:14:23;200;164765;GIFI;0
2023-08-16 22:14:45;200;112157;LRFC;0
2023-08-16 22:15:07;200;2;ICMB;0
2023-08-16 22:15:30;200;316016;SRTS;0
2023-08-16 22:15:53;200;586019;CLNN;0
2023-08-16 22:16:15;200;356697;CELU;0
2023-08-16 22:16:37;200;44762;SELF;0
2023-08-16 22:16:59;200;8154;LIDR;0
2023-08-16 22:17:21;200;14094;ASRV;0
2023-08-16 22:17:43;200;94980;CETY;0
2023-08-16 22:18:05;200;2;MOVE;0
2023-08-16 22:18:28;200;286073;SURF;0
2023-08-16 22:18:50;200;34786;DUNE;0
2023-08-16 22:19:12;200;34786;DUNEU;0
2023-08-16 22:19:34;200;63121;LOAN;0
2023-08-16 22:19:57;200;600038;ONDS;0
2023-08-16 22:20:20;200;107572;REFR;0
2023-08-16 22:20:42;200;297693;VIRX;0
2023-08-16 22:21:05;200;407752;FARM;0
2023-08-16 22:21:27;200;353012;SDIG;0
2023-08-16 22:21:50;200;461879;GAIA;0
2023-08-16 22:22:12;200;23859;HNNA;0
2023-08-16 22:22:35;200;796073;FRBK;0
2023-08-16 22:22:58;200;125716;RAIL;0
2023-08-16 22:23:20;200;480291;FLNT;0
2023-08-16 22:23:43;200;2;MYMD;0
2023-08-16 22:24:05;200;78780;RZLT;0
2023-08-16 22:24:27;200;472654;OESX;0
2023-08-16 22:24:50;200;419840;ASMB;0
2023-08-16 22:25:13;200;569379;LTRN;0
2023-08-16 22:25:35;200;14574;NXPL;0
2023-08-16 22:25:58;200;672481;VWE;0
2023-08-16 22:26:21;200;246595;RCAT;0
2023-08-16 22:26:43;200;2;ICCH;0
2023-08-16 22:27:05;200;2;ESOA;0
2023-08-16 22:27:27;200;197689;CURI;0
2023-08-16 22:27:50;200;8773;NSTS;0
2023-08-16 22:28:13;200;807358;STIM;0
2023-08-17 10:39:43;200;9592;AAPL;0
2023-08-17 10:39:50;200;1923;TSLA;0
2023-08-17 10:55:56;200;3497;AAPL;0
2023-08-17 10:55:58;200;11245;MSFT;0
2023-08-17 10:56:01;200;7798;GOOG;0
2023-08-17 10:56:04;200;7798;GOOGL;0
2023-08-17 10:56:41;200;3497;AAPL;0
2023-08-17 10:56:42;200;11245;MSFT;0
2023-08-17 10:57:53;200;3497;AAPL;0
2023-08-17 10:57:55;200;11245;MSFT;0
2023-08-17 11:01:54;200;3497;AAPL;0
2023-08-17 11:02:12;200;3497;AAPL;0
2023-08-17 11:04:31;200;3497;AAPL;0
2023-08-17 11:04:32;200;11245;MSFT;0
2023-08-17 11:05:14;200;3497;AAPL;0
2023-08-17 11:05:15;200;11245;MSFT;0
2023-08-17 11:06:33;200;3497;AAPL;0
2023-08-17 11:06:34;200;11245;MSFT;0
